単位[MW平均],,,供給力,,,,,,,,,,,,,,,,
DATE,TIME,エリア需要,原子力,火力(LNG),火力(石炭),火力(石油),火力(その他),水力,地熱,バイオマス,太陽光発電実績,太陽光出力制御量,風力発電実績,風力出力制御量,揚水,蓄電池,連系線,その他,合計
2024/2/1,0:00:00,657,0,154,388,61,0,1,0,51,0,0,2,0,0,0,0,0,657
2024/2/1,0:30:00,636,0,154,367,61,0,1,0,51,0,0,2,0,0,0,0,0,636
2024/2/1,1:00:00,621,0,153,357,58,0,1,0,51,0,0,1,0,0,0,0,0,621
2024/2/1,1:30:00,622,0,153,357,58,0,1,0,51,0,0,2,0,0,0,0,0,622
2024/2/1,2:00:00,625,0,151,363,57,0,1,0,51,0,0,2,0,0,0,0,0,625
2024/2/1,2:30:00,645,0,158,376,57,0,1,0,51,0,0,2,0,0,0,0,0,645
2024/2/1,3:00:00,662,0,169,382,58,0,1,0,51,0,0,1,0,0,0,0,0,662
2024/2/1,3:30:00,668,0,158,399,58,0,1,0,51,0,0,1,0,0,0,0,0,668
2024/2/1,4:00:00,674,0,155,406,60,0,1,0,51,0,0,1,0,0,0,0,0,674
2024/2/1,4:30:00,677,0,155,409,60,0,1,0,51,0,0,1,0,0,0,0,0,677
2024/2/1,5:00:00,674,0,154,406,62,0,1,0,51,0,0,0,0,0,0,0,0,674
2024/2/1,5:30:00,665,0,150,401,62,0,1,0,51,0,0,0,0,0,0,0,0,665
2024/2/1,6:00:00,682,0,150,415,65,0,1,0,51,0,0,0,0,0,0,0,0,682
2024/2/1,6:30:00,707,0,156,434,65,0,1,0,51,0,0,0,0,0,0,0,0,707
2024/2/1,7:00:00,743,0,152,469,70,0,1,0,51,0,0,0,0,0,0,0,0,743
2024/2/1,7:30:00,759,0,151,471,77,0,1,0,51,8,0,0,0,0,0,0,0,759
2024/2/1,8:00:00,797,0,145,480,84,0,1,0,51,36,0,0,0,0,0,0,0,797
2024/2/1,8:30:00,838,0,141,486,84,0,1,0,51,75,0,0,0,0,0,0,0,838
2024/2/1,9:00:00,858,0,142,474,86,0,1,0,51,104,0,0,0,0,0,0,0,858
2024/2/1,9:30:00,867,0,143,463,86,0,1,0,51,122,0,1,0,0,0,0,0,867
2024/2/1,10:00:00,880,0,144,445,88,0,1,0,51,150,0,1,0,0,0,0,0,880
2024/2/1,10:30:00,907,0,144,425,88,0,1,0,51,196,0,2,0,0,0,0,0,907
2024/2/1,11:00:00,874,0,144,404,87,0,1,0,51,185,0,2,0,0,0,0,0,874
2024/2/1,11:30:00,876,0,148,385,87,0,1,0,51,202,0,2,0,0,0,0,0,876
2024/2/1,12:00:00,895,0,146,367,82,0,1,0,51,246,0,2,0,0,0,0,0,895
2024/2/1,12:30:00,898,0,146,352,82,0,1,0,51,264,0,2,0,0,0,0,0,898
2024/2/1,13:00:00,928,0,150,366,89,0,1,0,51,268,0,3,0,0,0,0,0,928
2024/2/1,13:30:00,927,0,148,377,89,0,1,0,51,259,0,2,0,0,0,0,0,927
2024/2/1,14:00:00,912,0,143,392,87,0,1,0,51,236,0,2,0,0,0,0,0,912
2024/2/1,14:30:00,905,0,145,405,87,0,1,0,51,214,0,2,0,0,0,0,0,905
2024/2/1,15:00:00,873,0,145,417,81,0,1,0,51,176,0,2,0,0,0,0,0,873
2024/2/1,15:30:00,881,0,152,437,81,0,1,0,51,157,0,2,0,0,0,0,0,881
2024/2/1,16:00:00,872,0,177,433,82,0,1,0,51,126,0,2,0,0,0,0,0,872
2024/2/1,16:30:00,870,0,169,475,82,0,1,0,51,91,0,1,0,0,0,0,0,870
2024/2/1,17:00:00,854,0,154,515,82,0,1,0,51,50,0,1,0,0,0,0,0,854
2024/2/1,17:30:00,851,0,155,543,82,0,1,0,51,18,0,1,0,0,0,0,0,851
2024/2/1,18:00:00,868,0,169,556,89,0,1,0,51,1,0,1,0,0,0,0,0,868
2024/2/1,18:30:00,889,0,181,566,89,0,1,0,51,0,0,1,0,0,0,0,0,889
2024/2/1,19:00:00,889,0,181,567,88,0,1,0,51,0,0,1,0,0,0,0,0,889
2024/2/1,19:30:00,870,0,186,543,88,0,1,0,51,0,0,1,0,0,0,0,0,870
2024/2/1,20:00:00,858,0,190,534,82,0,1,0,51,0,0,0,0,0,0,0,0,858
2024/2/1,20:30:00,839,0,192,513,82,0,1,0,51,0,0,0,0,0,0,0,0,839
2024/2/1,21:00:00,810,0,173,507,78,0,1,0,51,0,0,0,0,0,0,0,0,810
2024/2/1,21:30:00,784,0,160,494,78,0,1,0,51,0,0,0,0,0,0,0,0,784
2024/2/1,22:00:00,747,0,152,472,71,0,1,0,51,0,0,0,0,0,0,0,0,747
2024/2/1,22:30:00,722,0,162,437,71,0,1,0,51,0,0,0,0,0,0,0,0,722
2024/2/1,23:00:00,703,0,166,420,65,0,1,0,51,0,0,0,0,0,0,0,0,703
2024/2/1,23:30:00,680,0,152,411,65,0,1,0,51,0,0,0,0,0,0,0,0,680
2024/2/2,0:00:00,653,0,153,388,60,0,1,0,51,0,0,0,0,0,0,0,0,653
2024/2/2,0:30:00,633,0,155,366,60,0,1,0,51,0,0,0,0,0,0,0,0,633
2024/2/2,1:00:00,617,0,154,353,58,0,1,0,51,0,0,0,0,0,0,0,0,617
2024/2/2,1:30:00,619,0,154,355,58,0,1,0,51,0,0,0,0,0,0,0,0,619
2024/2/2,2:00:00,623,0,154,359,58,0,1,0,51,0,0,0,0,0,0,0,0,623
2024/2/2,2:30:00,643,0,153,379,58,0,1,0,51,0,0,1,0,0,0,0,0,643
2024/2/2,3:00:00,659,0,153,395,58,0,1,0,51,0,0,1,0,0,0,0,0,659
2024/2/2,3:30:00,670,0,155,404,58,0,1,0,51,0,0,1,0,0,0,0,0,670
2024/2/2,4:00:00,674,0,151,410,60,0,1,0,51,0,0,1,0,0,0,0,0,674
2024/2/2,4:30:00,677,0,156,409,60,0,1,0,51,0,0,0,0,0,0,0,0,677
2024/2/2,5:00:00,677,0,154,410,61,0,1,0,51,0,0,0,0,0,0,0,0,677
2024/2/2,5:30:00,667,0,153,401,61,0,1,0,51,0,0,0,0,0,0,0,0,667
2024/2/2,6:00:00,681,0,155,409,65,0,1,0,51,0,0,0,0,0,0,0,0,681
2024/2/2,6:30:00,710,0,156,437,65,0,1,0,51,0,0,0,0,0,0,0,0,710
2024/2/2,7:00:00,743,0,154,467,70,0,1,0,51,0,0,0,0,0,0,0,0,743
2024/2/2,7:30:00,760,0,154,473,70,0,1,0,51,10,0,1,0,0,0,0,0,760
2024/2/2,8:00:00,800,0,151,479,79,0,1,0,51,38,0,1,0,0,0,0,0,800
2024/2/2,8:30:00,841,0,154,479,79,0,1,0,51,77,0,0,0,0,0,0,0,841
2024/2/2,9:00:00,869,0,153,461,85,0,1,0,51,118,0,0,0,0,0,0,0,869
2024/2/2,9:30:00,894,0,155,450,85,0,1,0,51,152,0,0,0,0,0,0,0,894
2024/2/2,10:00:00,915,0,166,429,85,0,1,0,51,183,0,0,0,0,0,0,0,915
2024/2/2,10:30:00,935,0,159,428,85,0,1,0,51,211,0,0,0,0,0,0,0,935
2024/2/2,11:00:00,936,0,153,414,81,0,1,0,51,236,0,0,0,0,0,0,0,936
2024/2/2,11:30:00,947,0,152,412,81,0,1,0,51,250,0,0,0,0,0,0,0,947
2024/2/2,12:00:00,933,0,149,389,79,0,1,0,51,264,0,0,0,0,0,0,0,933
2024/2/2,12:30:00,933,0,150,384,79,0,1,0,51,268,0,0,0,0,0,0,0,933
2024/2/2,13:00:00,935,0,153,397,76,0,1,0,51,257,0,0,0,0,0,0,0,935
2024/2/2,13:30:00,939,0,156,401,76,0,1,0,51,254,0,0,0,0,0,0,0,939
2024/2/2,14:00:00,937,0,157,405,81,0,1,0,51,242,0,0,0,0,0,0,0,937
2024/2/2,14:30:00,940,0,156,425,81,0,1,0,51,226,0,0,0,0,0,0,0,940
2024/2/2,15:00:00,936,0,155,447,79,0,1,0,51,203,0,0,0,0,0,0,0,936
2024/2/2,15:30:00,933,0,154,475,79,0,1,0,51,173,0,0,0,0,0,0,0,933
2024/2/2,16:00:00,921,0,155,498,80,0,1,0,51,136,0,0,0,0,0,0,0,921
2024/2/2,16:30:00,907,0,156,523,80,0,1,0,51,96,0,0,0,0,0,0,0,907
2024/2/2,17:00:00,889,0,171,532,80,0,1,0,51,54,0,0,0,0,0,0,0,889
2024/2/2,17:30:00,874,0,162,560,80,0,1,0,51,20,0,0,0,0,0,0,0,874
2024/2/2,18:00:00,880,0,162,581,84,0,1,0,51,1,0,0,0,0,0,0,0,880
2024/2/2,18:30:00,895,0,188,571,84,0,1,0,51,0,0,0,0,0,0,0,0,895
2024/2/2,19:00:00,894,0,181,575,86,0,1,0,51,0,0,0,0,0,0,0,0,894
2024/2/2,19:30:00,881,0,198,545,86,0,1,0,51,0,0,0,0,0,0,0,0,881
2024/2/2,20:00:00,868,0,215,518,83,0,1,0,51,0,0,0,0,0,0,0,0,868
2024/2/2,20:30:00,847,0,202,510,83,0,1,0,51,0,0,0,0,0,0,0,0,847
2024/2/2,21:00:00,822,0,176,515,79,0,1,0,51,0,0,0,0,0,0,0,0,822
2024/2/2,21:30:00,798,0,157,510,79,0,1,0,51,0,0,0,0,0,0,0,0,798
2024/2/2,22:00:00,773,0,155,494,72,0,1,0,51,0,0,0,0,0,0,0,0,773
2024/2/2,22:30:00,763,0,155,484,72,0,1,0,51,0,0,0,0,0,0,0,0,763
2024/2/2,23:00:00,738,0,163,457,66,0,1,0,51,0,0,0,0,0,0,0,0,738
2024/2/2,23:30:00,725,0,179,428,66,0,1,0,51,0,0,0,0,0,0,0,0,725
2024/2/3,0:00:00,694,0,166,414,62,0,1,0,51,0,0,0,0,0,0,0,0,694
2024/2/3,0:30:00,685,0,156,415,62,0,1,0,51,0,0,0,0,0,0,0,0,685
2024/2/3,1:00:00,659,0,155,393,59,0,1,0,51,0,0,0,0,0,0,0,0,659
2024/2/3,1:30:00,663,0,158,394,59,0,1,0,51,0,0,0,0,0,0,0,0,663
2024/2/3,2:00:00,658,0,152,396,58,0,1,0,51,0,0,0,0,0,0,0,0,658
2024/2/3,2:30:00,681,0,159,412,58,0,1,0,51,0,0,0,0,0,0,0,0,681
2024/2/3,3:00:00,692,0,159,422,59,0,1,0,51,0,0,0,0,0,0,0,0,692
2024/2/3,3:30:00,706,0,155,440,59,0,1,0,51,0,0,0,0,0,0,0,0,706
2024/2/3,4:00:00,700,0,152,435,61,0,1,0,51,0,0,0,0,0,0,0,0,700
2024/2/3,4:30:00,714,0,164,437,61,0,1,0,51,0,0,0,0,0,0,0,0,714
2024/2/3,5:00:00,696,0,166,417,61,0,1,0,51,0,0,0,0,0,0,0,0,696
2024/2/3,5:30:00,693,0,162,418,61,0,1,0,51,0,0,0,0,0,0,0,0,693
2024/2/3,6:00:00,682,0,156,411,63,0,1,0,51,0,0,0,0,0,0,0,0,682
2024/2/3,6:30:00,700,0,169,416,63,0,1,0,51,0,0,0,0,0,0,0,0,700
2024/2/3,7:00:00,713,0,157,436,68,0,1,0,51,0,0,0,0,0,0,0,0,713
2024/2/3,7:30:00,741,0,155,456,68,0,1,0,51,10,0,0,0,0,0,0,0,741
2024/2/3,8:00:00,770,0,150,450,81,0,1,0,51,37,0,0,0,0,0,0,0,770
2024/2/3,8:30:00,819,0,155,449,86,0,1,0,51,77,0,0,0,0,0,0,0,819
2024/2/3,9:00:00,857,0,155,447,90,0,1,0,51,112,0,1,0,0,0,0,0,857
2024/2/3,9:30:00,872,0,164,425,90,0,1,0,51,140,0,1,0,0,0,0,0,872
2024/2/3,10:00:00,900,0,181,393,93,0,1,0,51,180,0,1,0,0,0,0,0,900
2024/2/3,10:30:00,911,0,176,385,93,0,1,0,51,204,0,1,0,0,0,0,0,911
2024/2/3,11:00:00,919,0,188,370,90,0,1,0,51,218,0,1,0,0,0,0,0,919
2024/2/3,11:30:00,911,0,189,361,90,0,1,0,51,218,0,1,0,0,0,0,0,911
2024/2/3,12:00:00,884,0,190,364,86,0,1,0,51,191,0,1,0,0,0,0,0,884
2024/2/3,12:30:00,877,0,177,375,86,0,1,0,51,186,0,1,0,0,0,0,0,877
2024/2/3,13:00:00,951,0,192,385,79,0,1,0,51,242,0,1,0,0,0,0,0,951
2024/2/3,13:30:00,955,0,192,426,79,0,1,0,51,205,0,1,0,0,0,0,0,955
2024/2/3,14:00:00,885,0,154,466,76,0,1,0,51,135,0,2,0,0,0,0,0,885
2024/2/3,14:30:00,886,0,150,488,76,0,1,0,51,118,0,2,0,0,0,0,0,886
2024/2/3,15:00:00,842,0,156,474,74,0,1,0,51,84,0,2,0,0,0,0,0,842
2024/2/3,15:30:00,866,0,156,480,74,0,1,0,51,103,0,1,0,0,0,0,0,866
2024/2/3,16:00:00,891,0,156,509,80,0,1,0,51,93,0,1,0,0,0,0,0,891
2024/2/3,16:30:00,867,0,153,526,80,0,1,0,51,55,0,1,0,0,0,0,0,867
2024/2/3,17:00:00,869,0,156,551,88,0,1,0,51,21,0,1,0,0,0,0,0,869
2024/2/3,17:30:00,871,0,159,558,88,0,1,0,51,13,0,1,0,0,0,0,0,871
2024/2/3,18:00:00,896,0,181,575,85,0,1,0,51,2,0,1,0,0,0,0,0,896
2024/2/3,18:30:00,910,0,194,578,84,0,1,0,51,0,0,2,0,0,0,0,0,910
2024/2/3,19:00:00,912,0,197,577,85,0,1,0,51,0,0,1,0,0,0,0,0,912
2024/2/3,19:30:00,891,0,197,556,85,0,1,0,51,0,0,1,0,0,0,0,0,891
2024/2/3,20:00:00,887,0,204,549,82,0,1,0,51,0,0,0,0,0,0,0,0,887
2024/2/3,20:30:00,849,0,175,540,82,0,1,0,51,0,0,0,0,0,0,0,0,849
2024/2/3,21:00:00,838,0,186,521,79,0,1,0,51,0,0,0,0,0,0,0,0,838
2024/2/3,21:30:00,817,0,172,513,79,0,1,0,51,0,0,1,0,0,0,0,0,817
2024/2/3,22:00:00,799,0,170,502,74,0,1,0,51,0,0,1,0,0,0,0,0,799
2024/2/3,22:30:00,765,0,161,477,74,0,1,0,51,0,0,1,0,0,0,0,0,765
2024/2/3,23:00:00,752,0,168,462,69,0,1,0,51,0,0,1,0,0,0,0,0,752
2024/2/3,23:30:00,717,0,168,427,69,0,1,0,51,0,0,1,0,0,0,0,0,717
2024/2/4,0:00:00,706,0,168,422,64,0,1,0,51,0,0,0,0,0,0,0,0,706
2024/2/4,0:30:00,676,0,154,405,64,0,1,0,51,0,0,1,0,0,0,0,0,676
2024/2/4,1:00:00,672,0,157,402,60,0,1,0,51,0,0,1,0,0,0,0,0,672
2024/2/4,1:30:00,655,0,152,390,60,0,1,0,51,0,0,1,0,0,0,0,0,655
2024/2/4,2:00:00,669,0,159,398,59,0,1,0,51,0,0,1,0,0,0,0,0,669
2024/2/4,2:30:00,674,0,154,408,59,0,1,0,51,0,0,1,0,0,0,0,0,674
2024/2/4,3:00:00,698,0,164,422,59,0,1,0,51,0,0,1,0,0,0,0,0,698
2024/2/4,3:30:00,696,0,169,415,59,0,1,0,51,0,0,1,0,0,0,0,0,696
2024/2/4,4:00:00,709,0,173,422,61,0,1,0,51,0,0,1,0,0,0,0,0,709
2024/2/4,4:30:00,698,0,167,418,61,0,1,0,51,0,0,0,0,0,0,0,0,698
2024/2/4,5:00:00,704,0,169,421,62,0,1,0,51,0,0,0,0,0,0,0,0,704
2024/2/4,5:30:00,672,0,153,405,62,0,1,0,51,0,0,0,0,0,0,0,0,672
2024/2/4,6:00:00,666,0,157,394,63,0,1,0,51,0,0,0,0,0,0,0,0,666
2024/2/4,6:30:00,666,0,158,393,63,0,1,0,51,0,0,0,0,0,0,0,0,666
2024/2/4,7:00:00,689,0,158,412,67,0,1,0,51,0,0,0,0,0,0,0,0,689
2024/2/4,7:30:00,708,0,163,418,67,0,1,0,51,8,0,0,0,0,0,0,0,708
2024/2/4,8:00:00,729,0,175,419,69,0,1,0,51,14,0,0,0,0,0,0,0,729
2024/2/4,8:30:00,750,0,169,428,73,0,1,0,51,28,0,0,0,0,0,0,0,750
2024/2/4,9:00:00,772,0,144,427,84,0,1,0,51,65,0,0,0,0,0,0,0,772
2024/2/4,9:30:00,807,0,154,414,84,0,1,0,44,110,0,0,0,0,0,0,0,807
2024/2/4,10:00:00,803,0,156,407,81,0,1,0,38,120,0,0,0,0,0,0,0,803
2024/2/4,10:30:00,848,0,164,416,81,0,1,0,31,155,0,0,0,0,0,0,0,848
2024/2/4,11:00:00,893,0,163,398,90,0,1,0,30,211,0,0,0,0,0,0,0,893
2024/2/4,11:30:00,930,0,190,397,90,0,1,0,30,222,0,0,0,0,0,0,0,930
2024/2/4,12:00:00,887,0,178,418,83,0,1,0,30,177,0,0,0,0,0,0,0,887
2024/2/4,12:30:00,880,0,180,422,83,0,1,0,30,164,0,0,0,0,0,0,0,880
2024/2/4,13:00:00,853,0,180,394,84,0,1,0,30,164,0,0,0,0,0,0,0,853
2024/2/4,13:30:00,824,0,163,393,84,0,1,0,33,150,0,0,0,0,0,0,0,824
2024/2/4,14:00:00,820,0,163,398,78,0,1,0,39,141,0,0,0,0,0,0,0,820
2024/2/4,14:30:00,845,0,164,419,78,0,1,0,47,136,0,0,0,0,0,0,0,845
2024/2/4,15:00:00,832,0,163,403,89,0,1,0,51,125,0,0,0,0,0,0,0,832
2024/2/4,15:30:00,834,0,168,431,89,0,1,0,51,94,0,0,0,0,0,0,0,834
2024/2/4,16:00:00,822,0,157,442,83,0,1,0,51,88,0,0,0,0,0,0,0,822
2024/2/4,16:30:00,843,0,175,476,74,0,1,0,51,66,0,0,0,0,0,0,0,843
2024/2/4,17:00:00,842,0,167,523,78,0,1,0,51,21,0,1,0,0,0,0,0,842
2024/2/4,17:30:00,863,0,177,551,78,0,1,0,51,4,0,1,0,0,0,0,0,863
2024/2/4,18:00:00,892,0,176,578,83,0,1,0,51,2,0,1,0,0,0,0,0,892
2024/2/4,18:30:00,909,0,197,576,83,0,1,0,51,0,0,1,0,0,0,0,0,909
2024/2/4,19:00:00,898,0,184,577,83,0,1,0,51,0,0,2,0,0,0,0,0,898
2024/2/4,19:30:00,902,0,190,575,83,0,1,0,51,0,0,2,0,0,0,0,0,902
2024/2/4,20:00:00,882,0,169,579,80,0,1,0,51,0,0,2,0,0,0,0,0,882
2024/2/4,20:30:00,871,0,175,563,80,0,1,0,51,0,0,1,0,0,0,0,0,871
2024/2/4,21:00:00,839,0,167,541,78,0,1,0,51,0,0,1,0,0,0,0,0,839
2024/2/4,21:30:00,827,0,172,523,78,0,1,0,51,0,0,2,0,0,0,0,0,827
2024/2/4,22:00:00,780,0,159,494,72,0,1,0,51,0,0,3,0,0,0,0,0,780
2024/2/4,22:30:00,769,0,159,483,72,0,1,0,51,0,0,3,0,0,0,0,0,769
2024/2/4,23:00:00,732,0,171,438,66,0,1,0,51,0,0,5,0,0,0,0,0,732
2024/2/4,23:30:00,721,0,181,417,66,0,1,0,51,0,0,5,0,0,0,0,0,721
2024/2/5,0:00:00,676,0,150,408,61,0,1,0,51,0,0,5,0,0,0,0,0,676
2024/2/5,0:30:00,674,0,154,401,61,0,1,0,51,0,0,6,0,0,0,0,0,674
2024/2/5,1:00:00,653,0,152,387,57,0,1,0,51,0,0,5,0,0,0,0,0,653
2024/2/5,1:30:00,660,0,160,386,57,0,1,0,51,0,0,5,0,0,0,0,0,660
2024/2/5,2:00:00,657,0,156,386,58,0,1,0,51,0,0,5,0,0,0,0,0,657
2024/2/5,2:30:00,684,0,159,410,58,0,1,0,51,0,0,5,0,0,0,0,0,684
2024/2/5,3:00:00,686,0,156,415,59,0,1,0,51,0,0,4,0,0,0,0,0,686
2024/2/5,3:30:00,713,0,173,425,59,0,1,0,51,0,0,4,0,0,0,0,0,713
2024/2/5,4:00:00,707,0,171,421,60,0,1,0,51,0,0,3,0,0,0,0,0,707
2024/2/5,4:30:00,719,0,181,423,60,0,1,0,51,0,0,3,0,0,0,0,0,719
2024/2/5,5:00:00,713,0,174,424,60,0,1,0,51,0,0,3,0,0,0,0,0,713
2024/2/5,5:30:00,703,0,156,432,60,0,1,0,51,0,0,3,0,0,0,0,0,703
2024/2/5,6:00:00,709,0,155,434,64,0,1,0,51,0,0,4,0,0,0,0,0,709
2024/2/5,6:30:00,746,0,157,466,67,0,1,0,51,0,0,4,0,0,0,0,0,746
2024/2/5,7:00:00,785,0,151,496,81,0,1,0,51,0,0,5,0,0,0,0,0,785
2024/2/5,7:30:00,805,0,144,520,81,0,1,0,51,4,0,4,0,0,0,0,0,805
2024/2/5,8:00:00,819,0,155,514,83,0,1,0,51,11,0,4,0,0,0,0,0,819
2024/2/5,8:30:00,850,0,179,519,79,0,1,0,51,17,0,4,0,0,0,0,0,850
2024/2/5,9:00:00,867,0,181,539,81,0,1,0,51,10,0,4,0,0,0,0,0,867
2024/2/5,9:30:00,884,0,186,541,81,0,1,0,51,20,0,4,0,0,0,0,0,884
2024/2/5,10:00:00,881,0,187,543,80,0,1,0,51,15,0,4,0,0,0,0,0,881
2024/2/5,10:30:00,874,0,191,522,80,0,1,0,51,26,0,3,0,0,0,0,0,874
2024/2/5,11:00:00,859,0,173,515,75,0,1,0,51,41,0,3,0,0,0,0,0,859
2024/2/5,11:30:00,852,0,171,504,75,0,1,0,51,48,0,2,0,0,0,0,0,852
2024/2/5,12:00:00,832,0,159,499,77,0,1,0,51,42,0,3,0,0,0,0,0,832
2024/2/5,12:30:00,825,0,155,478,77,0,1,0,51,60,0,3,0,0,0,0,0,825
2024/2/5,13:00:00,846,0,157,496,79,0,1,0,51,60,0,2,0,0,0,0,0,846
2024/2/5,13:30:00,850,0,152,491,79,0,1,0,51,73,0,3,0,0,0,0,0,850
2024/2/5,14:00:00,826,0,147,482,77,0,1,0,51,66,0,2,0,0,0,0,0,826
2024/2/5,14:30:00,868,0,161,478,77,0,1,0,51,96,0,4,0,0,0,0,0,868
2024/2/5,15:00:00,831,0,153,480,74,0,1,0,51,67,0,5,0,0,0,0,0,831
2024/2/5,15:30:00,845,0,159,470,74,0,1,0,51,86,0,4,0,0,0,0,0,845
2024/2/5,16:00:00,824,0,146,502,78,0,1,0,51,42,0,4,0,0,0,0,0,824
2024/2/5,16:30:00,823,0,145,497,78,0,1,0,51,48,0,3,0,0,0,0,0,823
2024/2/5,17:00:00,825,0,145,511,80,0,1,0,51,34,0,3,0,0,0,0,0,825
2024/2/5,17:30:00,837,0,152,539,80,0,1,0,51,10,0,4,0,0,0,0,0,837
2024/2/5,18:00:00,862,0,183,541,80,0,1,0,51,2,0,4,0,0,0,0,0,862
2024/2/5,18:30:00,876,0,201,542,78,0,1,0,51,0,0,3,0,0,0,0,0,876
2024/2/5,19:00:00,876,0,197,545,78,0,1,0,51,0,0,4,0,0,0,0,0,876
2024/2/5,19:30:00,864,0,209,520,78,0,1,0,51,0,0,5,0,0,0,0,0,864
2024/2/5,20:00:00,843,0,200,511,76,0,1,0,51,0,0,4,0,0,0,0,0,843
2024/2/5,20:30:00,830,0,184,514,76,0,1,0,51,0,0,4,0,0,0,0,0,830
2024/2/5,21:00:00,806,0,165,511,74,0,1,0,51,0,0,4,0,0,0,0,0,806
2024/2/5,21:30:00,780,0,156,494,74,0,1,0,51,0,0,4,0,0,0,0,0,780
2024/2/5,22:00:00,746,0,155,468,68,0,1,0,51,0,0,3,0,0,0,0,0,746
2024/2/5,22:30:00,723,0,155,444,68,0,1,0,51,0,0,4,0,0,0,0,0,723
2024/2/5,23:00:00,695,0,155,422,63,0,1,0,51,0,0,3,0,0,0,0,0,695
2024/2/5,23:30:00,672,0,151,403,63,0,1,0,51,0,0,3,0,0,0,0,0,672
2024/2/6,0:00:00,646,0,155,377,59,0,1,0,51,0,0,3,0,0,0,0,0,646
2024/2/6,0:30:00,628,0,156,358,59,0,1,0,51,0,0,3,0,0,0,0,0,628
2024/2/6,1:00:00,619,0,155,352,57,0,1,0,51,0,0,3,0,0,0,0,0,619
2024/2/6,1:30:00,612,0,154,347,57,0,1,0,51,0,0,2,0,0,0,0,0,612
2024/2/6,2:00:00,619,0,156,352,57,0,1,0,51,0,0,2,0,0,0,0,0,619
2024/2/6,2:30:00,638,0,161,366,57,0,1,0,51,0,0,2,0,0,0,0,0,638
2024/2/6,3:00:00,655,0,157,386,58,0,1,0,51,0,0,2,0,0,0,0,0,655
2024/2/6,3:30:00,667,0,157,398,58,0,1,0,51,0,0,2,0,0,0,0,0,667
2024/2/6,4:00:00,676,0,154,408,60,0,1,0,51,0,0,2,0,0,0,0,0,676
2024/2/6,4:30:00,678,0,157,408,60,0,1,0,51,0,0,1,0,0,0,0,0,678
2024/2/6,5:00:00,682,0,154,414,61,0,1,0,51,0,0,1,0,0,0,0,0,682
2024/2/6,5:30:00,677,0,151,412,61,0,1,0,51,0,0,1,0,0,0,0,0,677
2024/2/6,6:00:00,693,0,155,420,65,0,1,0,51,0,0,1,0,0,0,0,0,693
2024/2/6,6:30:00,717,0,157,439,68,0,1,0,51,0,0,1,0,0,0,0,0,717
2024/2/6,7:00:00,749,0,144,475,77,0,1,0,51,0,0,1,0,0,0,0,0,749
2024/2/6,7:30:00,763,0,143,484,77,0,1,0,51,6,0,1,0,0,0,0,0,763
2024/2/6,8:00:00,796,0,143,492,83,0,1,0,51,25,0,1,0,0,0,0,0,796
2024/2/6,8:30:00,820,0,143,488,83,0,1,0,51,53,0,1,0,0,0,0,0,820
2024/2/6,9:00:00,847,0,147,484,86,0,1,0,51,77,0,1,0,0,0,0,0,847
2024/2/6,9:30:00,860,0,149,478,86,0,1,0,51,94,0,1,0,0,0,0,0,860
2024/2/6,10:00:00,851,0,157,436,86,0,1,0,51,119,0,1,0,0,0,0,0,851
2024/2/6,10:30:00,865,0,151,402,86,0,1,0,51,173,0,1,0,0,0,0,0,865
2024/2/6,11:00:00,882,0,168,368,80,0,1,0,51,213,0,1,0,0,0,0,0,882
2024/2/6,11:30:00,861,0,162,351,80,0,1,0,51,215,0,1,0,0,0,0,0,861
2024/2/6,12:00:00,842,0,144,335,85,0,1,0,51,225,0,1,0,0,0,0,0,842
2024/2/6,12:30:00,855,0,146,319,85,0,1,0,51,252,0,1,0,0,0,0,0,855
2024/2/6,13:00:00,862,0,148,340,83,0,1,0,51,238,0,1,0,0,0,0,0,862
2024/2/6,13:30:00,862,0,151,368,83,0,1,0,51,207,0,1,0,0,0,0,0,862
2024/2/6,14:00:00,834,0,141,392,81,0,1,0,51,167,0,1,0,0,0,0,0,834
2024/2/6,14:30:00,841,0,143,411,81,0,1,0,51,153,0,1,0,0,0,0,0,841
2024/2/6,15:00:00,827,0,142,423,80,0,1,0,51,129,0,1,0,0,0,0,0,827
2024/2/6,15:30:00,839,0,147,443,80,0,1,0,51,116,0,1,0,0,0,0,0,839
2024/2/6,16:00:00,825,0,159,460,76,0,1,0,51,78,0,0,0,0,0,0,0,825
2024/2/6,16:30:00,819,0,160,498,76,0,1,0,51,33,0,0,0,0,0,0,0,819
2024/2/6,17:00:00,826,0,153,528,79,0,1,0,51,14,0,0,0,0,0,0,0,826
2024/2/6,17:30:00,833,0,154,541,79,0,1,0,51,7,0,0,0,0,0,0,0,833
2024/2/6,18:00:00,852,0,156,559,84,0,1,0,51,1,0,0,0,0,0,0,0,852
2024/2/6,18:30:00,872,0,154,582,84,0,1,0,51,0,0,0,0,0,0,0,0,872
2024/2/6,19:00:00,867,0,146,584,85,0,1,0,51,0,0,0,0,0,0,0,0,867
2024/2/6,19:30:00,859,0,141,581,85,0,1,0,51,0,0,0,0,0,0,0,0,859
2024/2/6,20:00:00,844,0,140,570,82,0,1,0,51,0,0,0,0,0,0,0,0,844
2024/2/6,20:30:00,833,0,137,558,86,0,1,0,51,0,0,0,0,0,0,0,0,833
2024/2/6,21:00:00,806,0,125,545,84,0,1,0,51,0,0,0,0,0,0,0,0,806
2024/2/6,21:30:00,785,0,42,605,86,0,1,0,51,0,0,0,0,0,0,0,0,785
2024/2/6,22:00:00,748,0,0,617,79,0,1,0,51,0,0,0,0,0,0,0,0,748
2024/2/6,22:30:00,722,0,0,591,79,0,1,0,51,0,0,0,0,0,0,0,0,722
2024/2/6,23:00:00,699,0,0,572,75,0,1,0,51,0,0,0,0,0,0,0,0,699
2024/2/6,23:30:00,675,0,0,550,73,0,1,0,51,0,0,0,0,0,0,0,0,675
2024/2/7,0:00:00,654,0,0,531,71,0,1,0,51,0,0,0,0,0,0,0,0,654
2024/2/7,0:30:00,632,0,0,511,69,0,1,0,51,0,0,0,0,0,0,0,0,632
2024/2/7,1:00:00,625,0,0,504,69,0,1,0,51,0,0,0,0,0,0,0,0,625
2024/2/7,1:30:00,616,0,0,497,67,0,1,0,51,0,0,0,0,0,0,0,0,616
2024/2/7,2:00:00,618,0,0,500,66,0,1,0,51,0,0,0,0,0,0,0,0,618
2024/2/7,2:30:00,645,0,0,525,68,0,1,0,51,0,0,0,0,0,0,0,0,645
2024/2/7,3:00:00,662,0,0,542,68,0,1,0,51,0,0,0,0,0,0,0,0,662
2024/2/7,3:30:00,673,0,0,551,70,0,1,0,51,0,0,0,0,0,0,0,0,673
2024/2/7,4:00:00,684,0,0,562,70,0,1,0,51,0,0,0,0,0,0,0,0,684
2024/2/7,4:30:00,685,0,0,563,70,0,1,0,51,0,0,0,0,0,0,0,0,685
2024/2/7,5:00:00,691,0,39,526,74,0,1,0,51,0,0,0,0,0,0,0,0,691
2024/2/7,5:30:00,678,0,71,483,72,0,1,0,51,0,0,0,0,0,0,0,0,678
2024/2/7,6:00:00,694,0,117,448,77,0,1,0,51,0,0,0,0,0,0,0,0,694
2024/2/7,6:30:00,717,0,142,442,81,0,1,0,51,0,0,0,0,0,0,0,0,717
2024/2/7,7:00:00,750,0,146,472,80,0,1,0,51,0,0,0,0,0,0,0,0,750
2024/2/7,7:30:00,768,0,145,491,77,0,1,0,51,3,0,0,0,0,0,0,0,768
2024/2/7,8:00:00,794,0,146,507,81,0,1,0,51,8,0,0,0,0,0,0,0,794
2024/2/7,8:30:00,817,0,149,512,81,0,1,0,51,23,0,0,0,0,0,0,0,817
2024/2/7,9:00:00,822,0,144,502,81,0,1,0,51,43,0,0,0,0,0,0,0,822
2024/2/7,9:30:00,834,0,147,511,81,0,1,0,51,43,0,0,0,0,0,0,0,834
2024/2/7,10:00:00,847,0,141,500,76,0,1,0,51,78,0,0,0,0,0,0,0,847
2024/2/7,10:30:00,875,0,139,468,76,0,1,0,51,140,0,0,0,0,0,0,0,875
2024/2/7,11:00:00,874,0,151,398,79,0,1,0,51,194,0,0,0,0,0,0,0,874
2024/2/7,11:30:00,843,0,162,409,79,0,1,0,51,141,0,0,0,0,0,0,0,843
2024/2/7,12:00:00,821,0,178,435,72,0,1,0,51,84,0,0,0,0,0,0,0,821
2024/2/7,12:30:00,813,0,188,454,72,0,1,0,51,47,0,0,0,0,0,0,0,813
2024/2/7,13:00:00,832,0,155,508,73,0,1,0,51,44,0,0,0,0,0,0,0,832
2024/2/7,13:30:00,828,0,154,509,73,0,1,0,51,40,0,0,0,0,0,0,0,828
2024/2/7,14:00:00,816,0,146,506,78,0,1,0,51,34,0,0,0,0,0,0,0,816
2024/2/7,14:30:00,824,0,151,501,78,0,1,0,51,42,0,0,0,0,0,0,0,824
2024/2/7,15:00:00,829,0,146,508,80,0,1,0,51,43,0,0,0,0,0,0,0,829
2024/2/7,15:30:00,850,0,164,515,80,0,1,0,51,38,0,1,0,0,0,0,0,850
2024/2/7,16:00:00,843,0,169,522,84,0,1,0,51,16,0,0,0,0,0,0,0,843
2024/2/7,16:30:00,850,0,156,543,84,0,1,0,51,15,0,0,0,0,0,0,0,850
2024/2/7,17:00:00,847,0,166,537,84,0,1,0,51,7,0,1,0,0,0,0,0,847
2024/2/7,17:30:00,865,0,181,543,84,0,1,0,51,4,0,1,0,0,0,0,0,865
2024/2/7,18:00:00,886,0,206,542,83,0,1,0,51,2,0,1,0,0,0,0,0,886
2024/2/7,18:30:00,890,0,211,545,81,0,1,0,51,0,0,1,0,0,0,0,0,890
2024/2/7,19:00:00,891,0,212,546,80,0,1,0,51,0,0,1,0,0,0,0,0,891
2024/2/7,19:30:00,879,0,210,535,80,0,1,0,51,0,0,2,0,0,0,0,0,879
2024/2/7,20:00:00,866,0,212,524,75,0,1,0,51,0,0,3,0,0,0,0,0,866
2024/2/7,20:30:00,843,0,203,509,75,0,1,0,51,0,0,4,0,0,0,0,0,843
2024/2/7,21:00:00,825,0,179,515,72,0,1,0,51,0,0,7,0,0,0,0,0,825
2024/2/7,21:30:00,802,0,169,502,72,0,1,0,51,0,0,7,0,0,0,0,0,802
2024/2/7,22:00:00,763,0,156,482,67,0,1,0,51,0,0,6,0,0,0,0,0,763
2024/2/7,22:30:00,736,0,170,441,67,0,1,0,51,0,0,6,0,0,0,0,0,736
2024/2/7,23:00:00,713,0,171,420,63,0,1,0,51,0,0,7,0,0,0,0,0,713
2024/2/7,23:30:00,684,0,158,404,63,0,1,0,51,0,0,7,0,0,0,0,0,684
2024/2/8,0:00:00,663,0,175,370,59,0,1,0,51,0,0,7,0,0,0,0,0,663
2024/2/8,0:30:00,648,0,162,368,59,0,1,0,51,0,0,7,0,0,0,0,0,648
2024/2/8,1:00:00,629,0,152,362,56,0,1,0,51,0,0,7,0,0,0,0,0,629
2024/2/8,1:30:00,629,0,154,361,56,0,1,0,51,0,0,6,0,0,0,0,0,629
2024/2/8,2:00:00,634,0,157,364,55,0,1,0,51,0,0,6,0,0,0,0,0,634
2024/2/8,2:30:00,651,0,158,381,55,0,1,0,51,0,0,5,0,0,0,0,0,651
2024/2/8,3:00:00,669,0,170,387,55,0,1,0,51,0,0,5,0,0,0,0,0,669
2024/2/8,3:30:00,683,0,157,415,55,0,1,0,51,0,0,4,0,0,0,0,0,683
2024/2/8,4:00:00,691,0,155,423,58,0,1,0,51,0,0,3,0,0,0,0,0,691
2024/2/8,4:30:00,692,0,154,424,58,0,1,0,51,0,0,4,0,0,0,0,0,692
2024/2/8,5:00:00,701,0,154,432,59,0,1,0,51,0,0,4,0,0,0,0,0,701
2024/2/8,5:30:00,689,0,151,424,59,0,1,0,51,0,0,3,0,0,0,0,0,689
2024/2/8,6:00:00,703,0,155,430,63,0,1,0,51,0,0,3,0,0,0,0,0,703
2024/2/8,6:30:00,733,0,154,458,66,0,1,0,51,0,0,3,0,0,0,0,0,733
2024/2/8,7:00:00,770,0,143,496,75,0,1,0,51,0,0,4,0,0,0,0,0,770
2024/2/8,7:30:00,792,0,144,513,75,0,1,0,51,3,0,5,0,0,0,0,0,792
2024/2/8,8:00:00,823,0,170,513,78,0,1,0,51,5,0,5,0,0,0,0,0,823
2024/2/8,8:30:00,843,0,183,513,78,0,1,0,51,13,0,4,0,0,0,0,0,843
2024/2/8,9:00:00,859,0,186,515,82,0,1,0,51,21,0,3,0,0,0,0,0,859
2024/2/8,9:30:00,865,0,201,509,82,0,1,0,51,18,0,3,0,0,0,0,0,865
2024/2/8,10:00:00,861,0,189,511,81,0,1,0,51,25,0,3,0,0,0,0,0,861
2024/2/8,10:30:00,870,0,178,506,81,0,1,0,51,50,0,3,0,0,0,0,0,870
2024/2/8,11:00:00,861,0,170,508,79,0,1,0,51,49,0,3,0,0,0,0,0,861
2024/2/8,11:30:00,841,0,171,489,79,0,1,0,51,48,0,2,0,0,0,0,0,841
2024/2/8,12:00:00,854,0,169,488,74,0,1,0,51,69,0,2,0,0,0,0,0,854
2024/2/8,12:30:00,816,0,158,486,74,0,1,0,51,45,0,1,0,0,0,0,0,816
2024/2/8,13:00:00,846,0,155,474,79,0,1,0,51,85,0,1,0,0,0,0,0,846
2024/2/8,13:30:00,873,0,165,415,79,0,1,0,51,161,0,1,0,0,0,0,0,873
2024/2/8,14:00:00,884,0,173,469,79,0,1,0,51,110,0,1,0,0,0,0,0,884
2024/2/8,14:30:00,854,0,186,499,78,0,1,0,51,37,0,2,0,0,0,0,0,854
2024/2/8,15:00:00,860,0,184,521,76,0,1,0,51,25,0,2,0,0,0,0,0,860
2024/2/8,15:30:00,855,0,180,520,76,0,1,0,51,25,0,2,0,0,0,0,0,855
2024/2/8,16:00:00,865,0,189,516,76,0,1,0,51,30,0,2,0,0,0,0,0,865
2024/2/8,16:30:00,866,0,201,514,76,0,1,0,51,20,0,3,0,0,0,0,0,866
2024/2/8,17:00:00,853,0,180,527,76,0,1,0,51,16,0,2,0,0,0,0,0,853
2024/2/8,17:30:00,860,0,184,538,76,0,1,0,51,8,0,2,0,0,0,0,0,860
2024/2/8,18:00:00,895,0,191,567,81,0,1,0,51,2,0,2,0,0,0,0,0,895
2024/2/8,18:30:00,909,0,192,582,81,0,1,0,51,0,0,2,0,0,0,0,0,909
2024/2/8,19:00:00,909,0,190,583,81,0,1,0,51,0,0,3,0,0,0,0,0,909
2024/2/8,19:30:00,900,0,188,577,81,0,1,0,51,0,0,2,0,0,0,0,0,900
2024/2/8,20:00:00,889,0,172,584,79,0,1,0,51,0,0,2,0,0,0,0,0,889
2024/2/8,20:30:00,871,0,176,562,79,0,1,0,51,0,0,2,0,0,0,0,0,871
2024/2/8,21:00:00,850,0,196,524,75,0,1,0,51,0,0,3,0,0,0,0,0,850
2024/2/8,21:30:00,828,0,185,513,75,0,1,0,51,0,0,3,0,0,0,0,0,828
2024/2/8,22:00:00,789,0,159,505,71,0,1,0,51,0,0,2,0,0,0,0,0,789
2024/2/8,22:30:00,760,0,154,481,71,0,1,0,51,0,0,2,0,0,0,0,0,760
2024/2/8,23:00:00,730,0,155,456,66,0,1,0,51,0,0,1,0,0,0,0,0,730
2024/2/8,23:30:00,704,0,155,430,66,0,1,0,51,0,0,1,0,0,0,0,0,704
2024/2/9,0:00:00,674,0,152,409,60,0,1,0,51,0,0,1,0,0,0,0,0,674
2024/2/9,0:30:00,656,0,155,388,60,0,1,0,51,0,0,1,0,0,0,0,0,656
2024/2/9,1:00:00,638,0,152,375,57,0,1,0,51,0,0,2,0,0,0,0,0,638
2024/2/9,1:30:00,637,0,153,373,57,0,1,0,51,0,0,2,0,0,0,0,0,637
2024/2/9,2:00:00,644,0,155,377,57,0,1,0,51,0,0,3,0,0,0,0,0,644
2024/2/9,2:30:00,663,0,154,398,57,0,1,0,51,0,0,2,0,0,0,0,0,663
2024/2/9,3:00:00,682,0,152,419,58,0,1,0,51,0,0,1,0,0,0,0,0,682
2024/2/9,3:30:00,686,0,155,420,58,0,1,0,51,0,0,1,0,0,0,0,0,686
2024/2/9,4:00:00,698,0,152,432,61,0,1,0,51,0,0,1,0,0,0,0,0,698
2024/2/9,4:30:00,704,0,156,433,61,0,1,0,51,0,0,2,0,0,0,0,0,704
2024/2/9,5:00:00,707,0,156,435,62,0,1,0,51,0,0,2,0,0,0,0,0,707
2024/2/9,5:30:00,699,0,154,429,62,0,1,0,51,0,0,2,0,0,0,0,0,699
2024/2/9,6:00:00,713,0,153,441,65,0,1,0,51,0,0,2,0,0,0,0,0,713
2024/2/9,6:30:00,738,0,154,465,65,0,1,0,51,0,0,2,0,0,0,0,0,738
2024/2/9,7:00:00,781,0,153,502,72,0,1,0,51,0,0,2,0,0,0,0,0,781
2024/2/9,7:30:00,808,0,159,519,72,0,1,0,51,4,0,2,0,0,0,0,0,808
2024/2/9,8:00:00,837,0,162,539,77,0,1,0,51,5,0,2,0,0,0,0,0,837
2024/2/9,8:30:00,859,0,176,541,77,0,1,0,51,11,0,2,0,0,0,0,0,859
2024/2/9,9:00:00,874,0,173,540,78,0,1,0,51,28,0,3,0,0,0,0,0,874
2024/2/9,9:30:00,897,0,202,540,78,0,1,0,51,22,0,3,0,0,0,0,0,897
2024/2/9,10:00:00,888,0,199,541,76,0,1,0,51,18,0,2,0,0,0,0,0,888
2024/2/9,10:30:00,891,0,197,541,76,0,1,0,51,23,0,2,0,0,0,0,0,891
2024/2/9,11:00:00,886,0,185,537,76,0,1,0,51,34,0,2,0,0,0,0,0,886
2024/2/9,11:30:00,878,0,186,514,76,0,1,0,51,48,0,2,0,0,0,0,0,878
2024/2/9,12:00:00,867,0,188,512,73,0,1,0,51,40,0,2,0,0,0,0,0,867
2024/2/9,12:30:00,862,0,184,515,73,0,1,0,51,36,0,2,0,0,0,0,0,862
2024/2/9,13:00:00,877,0,208,512,71,0,1,0,51,31,0,3,0,0,0,0,0,877
2024/2/9,13:30:00,880,0,197,511,86,0,1,0,51,32,0,2,0,0,0,0,0,880
2024/2/9,14:00:00,884,0,184,514,102,0,1,0,51,30,0,2,0,0,0,0,0,884
2024/2/9,14:30:00,892,0,156,513,126,0,1,0,51,43,0,2,0,0,0,0,0,892
2024/2/9,15:00:00,888,0,157,510,129,0,1,0,51,38,0,2,0,0,0,0,0,888
2024/2/9,15:30:00,891,0,170,512,129,0,1,0,51,26,0,2,0,0,0,0,0,891
2024/2/9,16:00:00,897,0,176,516,132,0,1,0,51,18,0,3,0,0,0,0,0,897
2024/2/9,16:30:00,895,0,157,538,132,0,1,0,51,13,0,3,0,0,0,0,0,895
2024/2/9,17:00:00,901,0,149,551,133,0,1,0,51,13,0,3,0,0,0,0,0,901
2024/2/9,17:30:00,911,0,156,561,134,0,1,0,51,6,0,2,0,0,0,0,0,911
2024/2/9,18:00:00,936,0,203,539,138,0,1,0,51,2,0,2,0,0,0,0,0,936
2024/2/9,18:30:00,944,0,210,542,138,0,1,0,51,0,0,2,0,0,0,0,0,944
2024/2/9,19:00:00,948,0,212,544,139,0,1,0,51,0,0,1,0,0,0,0,0,948
2024/2/9,19:30:00,940,0,206,542,139,0,1,0,51,0,0,1,0,0,0,0,0,940
2024/2/9,20:00:00,924,0,199,540,132,0,1,0,51,0,0,1,0,0,0,0,0,924
2024/2/9,20:30:00,908,0,197,540,118,0,1,0,51,0,0,1,0,0,0,0,0,908
2024/2/9,21:00:00,885,0,174,543,115,0,1,0,51,0,0,1,0,0,0,0,0,885
2024/2/9,21:30:00,861,0,172,521,115,0,1,0,51,0,0,1,0,0,0,0,0,861
2024/2/9,22:00:00,826,0,155,507,111,0,1,0,51,0,0,1,0,0,0,0,0,826
2024/2/9,22:30:00,801,0,154,508,86,0,1,0,51,0,0,1,0,0,0,0,0,801
2024/2/9,23:00:00,776,0,156,499,68,0,1,0,51,0,0,1,0,0,0,0,0,776
2024/2/9,23:30:00,748,0,167,460,68,0,1,0,51,0,0,1,0,0,0,0,0,748
2024/2/10,0:00:00,717,0,152,449,63,0,1,0,51,0,0,1,0,0,0,0,0,717
2024/2/10,0:30:00,696,0,153,426,63,0,1,0,51,0,0,2,0,0,0,0,0,696
2024/2/10,1:00:00,683,0,151,418,60,0,1,0,51,0,0,2,0,0,0,0,0,683
2024/2/10,1:30:00,676,0,155,407,60,0,1,0,51,0,0,2,0,0,0,0,0,676
2024/2/10,2:00:00,681,0,155,413,59,0,1,0,51,0,0,2,0,0,0,0,0,681
2024/2/10,2:30:00,701,0,152,436,59,0,1,0,51,0,0,2,0,0,0,0,0,701
2024/2/10,3:00:00,711,0,153,445,60,0,1,0,51,0,0,1,0,0,0,0,0,711
2024/2/10,3:30:00,717,0,154,450,60,0,1,0,51,0,0,1,0,0,0,0,0,717
2024/2/10,4:00:00,722,0,155,452,62,0,1,0,51,0,0,1,0,0,0,0,0,722
2024/2/10,4:30:00,725,0,155,455,62,0,1,0,51,0,0,1,0,0,0,0,0,725
2024/2/10,5:00:00,721,0,154,450,64,0,1,0,51,0,0,1,0,0,0,0,0,721
2024/2/10,5:30:00,707,0,153,437,64,0,1,0,51,0,0,1,0,0,0,0,0,707
2024/2/10,6:00:00,703,0,150,434,66,0,1,0,51,0,0,1,0,0,0,0,0,703
2024/2/10,6:30:00,713,0,152,442,66,0,1,0,51,0,0,1,0,0,0,0,0,713
2024/2/10,7:00:00,738,0,151,463,71,0,1,0,51,0,0,1,0,0,0,0,0,738
2024/2/10,7:30:00,760,0,152,478,71,0,1,0,51,6,0,1,0,0,0,0,0,760
2024/2/10,8:00:00,782,0,151,474,80,0,1,0,51,24,0,1,0,0,0,0,0,782
2024/2/10,8:30:00,806,0,154,450,83,0,1,0,51,65,0,2,0,0,0,0,0,806
2024/2/10,9:00:00,817,0,143,433,90,0,1,0,51,97,0,2,0,0,0,0,0,817
2024/2/10,9:30:00,822,0,159,425,90,0,1,0,51,93,0,3,0,0,0,0,0,822
2024/2/10,10:00:00,816,0,173,412,78,0,1,0,50,100,0,2,0,0,0,0,0,816
2024/2/10,10:30:00,837,0,172,384,78,0,1,0,44,156,0,2,0,0,0,0,0,837
2024/2/10,11:00:00,839,0,176,364,79,0,1,0,38,178,0,3,0,0,0,0,0,839
2024/2/10,11:30:00,839,0,159,350,79,0,1,0,30,217,0,3,0,0,0,0,0,839
2024/2/10,12:00:00,831,0,153,334,88,0,1,0,28,224,0,3,0,0,0,0,0,831
2024/2/10,12:30:00,845,0,143,326,88,0,1,0,28,256,0,3,0,0,0,0,0,845
2024/2/10,13:00:00,855,0,143,323,90,0,1,0,28,267,0,3,0,0,0,0,0,855
2024/2/10,13:30:00,845,0,145,321,90,0,1,0,28,257,0,3,0,0,0,0,0,845
2024/2/10,14:00:00,821,0,144,328,85,0,1,0,28,232,0,3,0,0,0,0,0,821
2024/2/10,14:30:00,818,0,144,328,85,0,1,0,31,226,0,3,0,0,0,0,0,818
2024/2/10,15:00:00,803,0,141,337,81,0,1,0,39,201,0,3,0,0,0,0,0,803
2024/2/10,15:30:00,786,0,143,353,81,0,1,0,46,159,0,3,0,0,0,0,0,786
2024/2/10,16:00:00,791,0,144,380,82,0,1,0,51,130,0,3,0,0,0,0,0,791
2024/2/10,16:30:00,794,0,144,416,82,0,1,0,51,97,0,3,0,0,0,0,0,794
2024/2/10,17:00:00,799,0,152,455,77,0,1,0,51,60,0,3,0,0,0,0,0,799
2024/2/10,17:30:00,801,0,154,493,75,0,1,0,51,24,0,3,0,0,0,0,0,801
2024/2/10,18:00:00,830,0,153,540,79,0,1,0,51,3,0,3,0,0,0,0,0,830
2024/2/10,18:30:00,864,0,170,561,79,0,1,0,51,0,0,2,0,0,0,0,0,864
2024/2/10,19:00:00,872,0,195,543,80,0,1,0,51,0,0,2,0,0,0,0,0,872
2024/2/10,19:30:00,873,0,206,533,80,0,1,0,51,0,0,2,0,0,0,0,0,873
2024/2/10,20:00:00,866,0,219,513,79,0,1,0,51,0,0,3,0,0,0,0,0,866
2024/2/10,20:30:00,856,0,212,511,79,0,1,0,51,0,0,2,0,0,0,0,0,856
2024/2/10,21:00:00,840,0,196,513,77,0,1,0,51,0,0,2,0,0,0,0,0,840
2024/2/10,21:30:00,823,0,179,513,77,0,1,0,51,0,0,2,0,0,0,0,0,823
2024/2/10,22:00:00,804,0,168,511,71,0,1,0,51,0,0,2,0,0,0,0,0,804
2024/2/10,22:30:00,798,0,161,511,71,0,1,0,51,0,0,3,0,0,0,0,0,798
2024/2/10,23:00:00,773,0,150,502,67,0,1,0,51,0,0,2,0,0,0,0,0,773
2024/2/10,23:30:00,760,0,158,481,67,0,1,0,51,0,0,2,0,0,0,0,0,760
2024/2/11,0:00:00,722,0,151,455,62,0,1,0,51,0,0,2,0,0,0,0,0,722
2024/2/11,0:30:00,710,0,155,440,62,0,1,0,51,0,0,1,0,0,0,0,0,710
2024/2/11,1:00:00,686,0,147,426,60,0,1,0,51,0,0,1,0,0,0,0,0,686
2024/2/11,1:30:00,695,0,156,425,60,0,1,0,51,0,0,2,0,0,0,0,0,695
2024/2/11,2:00:00,689,0,155,421,59,0,1,0,51,0,0,2,0,0,0,0,0,689
2024/2/11,2:30:00,716,0,157,447,59,0,1,0,51,0,0,1,0,0,0,0,0,716
2024/2/11,3:00:00,721,0,158,451,59,0,1,0,51,0,0,1,0,0,0,0,0,721
2024/2/11,3:30:00,738,0,155,471,59,0,1,0,51,0,0,1,0,0,0,0,0,738
2024/2/11,4:00:00,725,0,149,462,61,0,1,0,51,0,0,1,0,0,0,0,0,725
2024/2/11,4:30:00,740,0,160,466,61,0,1,0,51,0,0,1,0,0,0,0,0,740
2024/2/11,5:00:00,722,0,153,453,62,0,1,0,51,0,0,2,0,0,0,0,0,722
2024/2/11,5:30:00,710,0,155,440,62,0,1,0,51,0,0,1,0,0,0,0,0,710
2024/2/11,6:00:00,686,0,152,416,64,0,1,0,51,0,0,2,0,0,0,0,0,686
2024/2/11,6:30:00,700,0,159,424,64,0,1,0,51,0,0,1,0,0,0,0,0,700
2024/2/11,7:00:00,713,0,152,440,67,0,1,0,51,0,0,2,0,0,0,0,0,713
2024/2/11,7:30:00,733,0,160,441,67,0,1,0,51,10,0,3,0,0,0,0,0,733
2024/2/11,8:00:00,742,0,147,432,74,0,1,0,50,37,0,1,0,0,0,0,0,742
2024/2/11,8:30:00,786,0,160,421,81,0,1,0,44,79,0,0,0,0,0,0,0,786
2024/2/11,9:00:00,773,0,156,404,78,0,1,0,38,96,10,0,4,0,0,0,0,773
2024/2/11,9:30:00,789,0,174,387,78,0,1,0,31,118,12,0,4,0,0,0,0,789
2024/2/11,10:00:00,782,0,153,366,80,0,1,0,28,154,16,0,4,0,0,0,0,782
2024/2/11,10:30:00,793,0,155,341,80,0,1,0,28,188,19,0,4,0,0,0,0,793
2024/2/11,11:00:00,768,0,143,311,78,0,1,0,28,207,22,0,4,0,0,0,0,768
2024/2/11,11:30:00,769,0,146,300,76,0,1,0,28,218,23,0,4,0,0,0,0,769
2024/2/11,12:00:00,762,0,144,290,72,0,1,0,28,227,24,0,4,0,0,0,0,762
2024/2/11,12:30:00,752,0,143,276,72,0,1,0,28,232,27,0,4,0,0,0,0,752
2024/2/11,13:00:00,755,0,144,279,69,0,1,0,28,234,26,0,4,0,0,0,0,755
2024/2/11,13:30:00,751,0,144,279,69,0,1,0,28,230,24,0,4,0,0,0,0,751
2024/2/11,14:00:00,739,0,142,285,66,0,1,0,28,217,23,0,4,0,0,0,0,739
2024/2/11,14:30:00,737,0,145,295,66,0,1,0,28,202,21,0,3,0,0,0,0,737
2024/2/11,15:00:00,723,0,144,307,65,0,1,0,28,178,19,0,4,0,0,0,0,723
2024/2/11,15:30:00,728,0,144,337,65,0,1,0,28,153,16,0,4,0,0,0,0,728
2024/2/11,16:00:00,735,0,149,367,67,0,1,0,28,123,12,0,4,0,0,0,0,735
2024/2/11,16:30:00,733,0,143,406,67,0,1,0,28,88,9,0,4,0,0,0,0,733
2024/2/11,17:00:00,757,0,154,444,65,0,1,0,31,62,0,0,0,0,0,0,0,757
2024/2/11,17:30:00,765,0,151,486,64,0,1,0,39,24,0,0,0,0,0,0,0,765
2024/2/11,18:00:00,805,0,166,513,74,0,1,0,45,4,0,2,0,0,0,0,0,805
2024/2/11,18:30:00,842,0,199,515,74,0,1,0,51,0,0,2,0,0,0,0,0,842
2024/2/11,19:00:00,847,0,201,514,78,0,1,0,51,0,0,2,0,0,0,0,0,847
2024/2/11,19:30:00,847,0,200,515,78,0,1,0,51,0,0,2,0,0,0,0,0,847
2024/2/11,20:00:00,842,0,196,515,77,0,1,0,51,0,0,2,0,0,0,0,0,842
2024/2/11,20:30:00,829,0,187,511,77,0,1,0,51,0,0,2,0,0,0,0,0,829
2024/2/11,21:00:00,817,0,172,515,76,0,1,0,51,0,0,2,0,0,0,0,0,817
2024/2/11,21:30:00,798,0,157,511,76,0,1,0,51,0,0,2,0,0,0,0,0,798
2024/2/11,22:00:00,781,0,150,506,71,0,1,0,51,0,0,2,0,0,0,0,0,781
2024/2/11,22:30:00,774,0,155,494,71,0,1,0,51,0,0,2,0,0,0,0,0,774
2024/2/11,23:00:00,745,0,153,473,66,0,1,0,51,0,0,1,0,0,0,0,0,745
2024/2/11,23:30:00,720,0,171,430,66,0,1,0,51,0,0,1,0,0,0,0,0,720
2024/2/12,0:00:00,704,0,187,400,63,0,1,0,51,0,0,2,0,0,0,0,0,704
2024/2/12,0:30:00,664,0,152,395,63,0,1,0,51,0,0,2,0,0,0,0,0,664
2024/2/12,1:00:00,674,0,160,400,60,0,1,0,51,0,0,2,0,0,0,0,0,674
2024/2/12,1:30:00,667,0,156,398,60,0,1,0,51,0,0,1,0,0,0,0,0,667
2024/2/12,2:00:00,667,0,160,395,59,0,1,0,51,0,0,1,0,0,0,0,0,667
2024/2/12,2:30:00,695,0,173,410,59,0,1,0,51,0,0,1,0,0,0,0,0,695
2024/2/12,3:00:00,690,0,151,427,59,0,1,0,51,0,0,1,0,0,0,0,0,690
2024/2/12,3:30:00,708,0,157,439,59,0,1,0,51,0,0,1,0,0,0,0,0,708
2024/2/12,4:00:00,721,0,155,452,60,0,1,0,51,0,0,2,0,0,0,0,0,721
2024/2/12,4:30:00,700,0,154,431,60,0,1,0,51,0,0,3,0,0,0,0,0,700
2024/2/12,5:00:00,716,0,157,444,61,0,1,0,51,0,0,2,0,0,0,0,0,716
2024/2/12,5:30:00,694,0,153,426,61,0,1,0,51,0,0,2,0,0,0,0,0,694
2024/2/12,6:00:00,688,0,157,414,63,0,1,0,51,0,0,2,0,0,0,0,0,688
2024/2/12,6:30:00,708,0,160,431,63,0,1,0,51,0,0,2,0,0,0,0,0,708
2024/2/12,7:00:00,706,0,154,431,68,0,1,0,51,0,0,1,0,0,0,0,0,706
2024/2/12,7:30:00,742,0,156,452,68,0,1,0,51,12,0,2,0,0,0,0,0,742
2024/2/12,8:00:00,763,0,153,445,74,0,1,0,51,38,0,1,0,0,0,0,0,763
2024/2/12,8:30:00,787,0,153,438,82,0,1,0,45,67,0,1,0,0,0,0,0,787
2024/2/12,9:00:00,824,0,145,434,87,0,1,0,38,118,1,1,0,0,0,0,0,824
2024/2/12,9:30:00,818,0,145,406,87,0,1,0,32,146,2,1,0,0,0,0,0,818
2024/2/12,10:00:00,847,0,145,407,88,0,1,0,28,177,2,1,0,0,0,0,0,847
2024/2/12,10:30:00,830,0,140,368,88,0,1,0,28,204,2,1,0,0,0,0,0,830
2024/2/12,11:00:00,839,0,150,324,93,0,1,0,28,243,3,0,0,0,0,0,0,839
2024/2/12,11:30:00,849,0,140,326,93,0,1,0,28,260,3,1,0,0,0,0,0,849
2024/2/12,12:00:00,819,0,145,301,78,0,1,0,28,266,3,0,0,0,0,0,0,819
2024/2/12,12:30:00,808,0,145,283,75,0,1,0,28,276,3,0,0,0,0,0,0,808
2024/2/12,13:00:00,818,0,149,286,73,0,1,0,28,281,3,0,0,0,0,0,0,818
2024/2/12,13:30:00,817,0,140,299,73,0,1,0,28,276,3,0,0,0,0,0,0,817
2024/2/12,14:00:00,810,0,143,301,77,0,1,0,28,260,3,0,0,0,0,0,0,810
2024/2/12,14:30:00,795,0,147,314,77,0,1,0,28,228,3,0,0,0,0,0,0,795
2024/2/12,15:00:00,784,0,142,327,74,0,1,0,31,209,2,0,0,0,0,0,0,784
2024/2/12,15:30:00,788,0,147,345,74,0,1,0,40,181,2,0,0,0,0,0,0,788
2024/2/12,16:00:00,781,0,143,375,75,0,1,0,47,140,1,0,0,0,0,0,0,781
2024/2/12,16:30:00,784,0,153,406,75,0,1,0,51,98,1,0,0,0,0,0,0,784
2024/2/12,17:00:00,783,0,155,449,71,0,1,0,51,56,0,0,0,0,0,0,0,783
2024/2/12,17:30:00,796,0,153,497,70,0,1,0,51,24,0,0,0,0,0,0,0,796
2024/2/12,18:00:00,830,0,181,515,78,0,1,0,51,4,0,0,0,0,0,0,0,830
2024/2/12,18:30:00,858,0,211,516,78,0,1,0,51,0,0,1,0,0,0,0,0,858
2024/2/12,19:00:00,872,0,216,523,80,0,1,0,51,0,0,1,0,0,0,0,0,872
2024/2/12,19:30:00,866,0,219,514,80,0,1,0,51,0,0,1,0,0,0,0,0,866
2024/2/12,20:00:00,858,0,213,514,78,0,1,0,51,0,0,1,0,0,0,0,0,858
2024/2/12,20:30:00,842,0,200,512,78,0,1,0,51,0,0,0,0,0,0,0,0,842
2024/2/12,21:00:00,817,0,180,510,75,0,1,0,51,0,0,0,0,0,0,0,0,817
2024/2/12,21:30:00,799,0,160,511,75,0,1,0,51,0,0,1,0,0,0,0,0,799
2024/2/12,22:00:00,774,0,150,503,69,0,1,0,51,0,0,0,0,0,0,0,0,774
2024/2/12,22:30:00,759,0,155,483,69,0,1,0,51,0,0,0,0,0,0,0,0,759
2024/2/12,23:00:00,732,0,152,463,64,0,1,0,51,0,0,1,0,0,0,0,0,732
2024/2/12,23:30:00,708,0,176,415,64,0,1,0,51,0,0,1,0,0,0,0,0,708
2024/2/13,0:00:00,687,0,176,399,59,0,1,0,51,0,0,1,0,0,0,0,0,687
2024/2/13,0:30:00,659,0,157,390,59,0,1,0,51,0,0,1,0,0,0,0,0,659
2024/2/13,1:00:00,662,0,158,394,57,0,1,0,51,0,0,1,0,0,0,0,0,662
2024/2/13,1:30:00,641,0,156,376,57,0,1,0,51,0,0,0,0,0,0,0,0,641
2024/2/13,2:00:00,668,0,160,400,56,0,1,0,51,0,0,0,0,0,0,0,0,668
2024/2/13,2:30:00,675,0,166,400,56,0,1,0,51,0,0,1,0,0,0,0,0,675
2024/2/13,3:00:00,696,0,159,426,58,0,1,0,51,0,0,1,0,0,0,0,0,696
2024/2/13,3:30:00,713,0,155,447,58,0,1,0,51,0,0,1,0,0,0,0,0,713
2024/2/13,4:00:00,709,0,156,440,60,0,1,0,51,0,0,1,0,0,0,0,0,709
2024/2/13,4:30:00,719,0,154,452,60,0,1,0,51,0,0,1,0,0,0,0,0,719
2024/2/13,5:00:00,710,0,152,444,61,0,1,0,51,0,0,1,0,0,0,0,0,710
2024/2/13,5:30:00,714,0,157,443,61,0,1,0,51,0,0,1,0,0,0,0,0,714
2024/2/13,6:00:00,716,0,156,443,65,0,1,0,51,0,0,0,0,0,0,0,0,716
2024/2/13,6:30:00,751,0,164,470,65,0,1,0,51,0,0,0,0,0,0,0,0,751
2024/2/13,7:00:00,784,0,156,504,71,0,1,0,51,0,0,1,0,0,0,0,0,784
2024/2/13,7:30:00,776,0,155,491,71,0,1,0,51,6,0,1,0,0,0,0,0,776
2024/2/13,8:00:00,803,0,152,507,74,0,1,0,51,17,0,1,0,0,0,0,0,803
2024/2/13,8:30:00,806,0,147,498,74,0,1,0,51,33,0,2,0,0,0,0,0,806
2024/2/13,9:00:00,837,0,151,447,83,0,1,0,51,101,0,3,0,0,0,0,0,837
2024/2/13,9:30:00,856,0,151,405,85,0,1,0,51,161,0,2,0,0,0,0,0,856
2024/2/13,10:00:00,857,0,155,362,89,0,1,0,51,198,0,1,0,0,0,0,0,857
2024/2/13,10:30:00,868,0,153,345,89,0,1,0,51,228,0,1,0,0,0,0,0,868
2024/2/13,11:00:00,870,0,153,329,82,0,1,0,51,252,0,2,0,0,0,0,0,870
2024/2/13,11:30:00,870,0,153,313,82,0,1,0,51,268,0,2,0,0,0,0,0,870
2024/2/13,12:00:00,860,0,153,292,81,0,1,0,51,280,0,2,0,0,0,0,0,860
2024/2/13,12:30:00,848,0,153,275,81,0,1,0,51,285,0,2,0,0,0,0,0,848
2024/2/13,13:00:00,869,0,156,293,83,0,1,0,51,283,0,2,0,0,0,0,0,869
2024/2/13,13:30:00,867,0,155,299,83,0,1,0,51,276,0,2,0,0,0,0,0,867
2024/2/13,14:00:00,874,0,153,317,91,0,1,0,51,259,0,2,0,0,0,0,0,874
2024/2/13,14:30:00,864,0,153,324,91,0,1,0,51,242,0,2,0,0,0,0,0,864
2024/2/13,15:00:00,858,0,157,343,87,0,1,0,51,217,0,2,0,0,0,0,0,858
2024/2/13,15:30:00,852,0,161,366,87,0,1,0,51,184,0,2,0,0,0,0,0,852
2024/2/13,16:00:00,831,0,160,398,77,0,1,0,51,142,0,2,0,0,0,0,0,831
2024/2/13,16:30:00,831,0,157,441,74,0,1,0,51,104,0,3,0,0,0,0,0,831
2024/2/13,17:00:00,820,0,152,485,70,0,1,0,51,58,0,3,0,0,0,0,0,820
2024/2/13,17:30:00,813,0,152,513,70,0,1,0,51,23,0,3,0,0,0,0,0,813
2024/2/13,18:00:00,829,0,155,538,77,0,1,0,51,4,0,3,0,0,0,0,0,829
2024/2/13,18:30:00,859,0,162,565,77,0,1,0,51,0,0,3,0,0,0,0,0,859
2024/2/13,19:00:00,861,0,165,560,80,0,1,0,51,0,0,4,0,0,0,0,0,861
2024/2/13,19:30:00,859,0,179,544,80,0,1,0,51,0,0,4,0,0,0,0,0,859
2024/2/13,20:00:00,849,0,177,538,78,0,1,0,51,0,0,4,0,0,0,0,0,849
2024/2/13,20:30:00,835,0,184,517,78,0,1,0,51,0,0,4,0,0,0,0,0,835
2024/2/13,21:00:00,811,0,168,513,74,0,1,0,51,0,0,4,0,0,0,0,0,811
2024/2/13,21:30:00,784,0,156,499,74,0,1,0,51,0,0,3,0,0,0,0,0,784
2024/2/13,22:00:00,748,0,185,440,68,0,1,0,51,0,0,3,0,0,0,0,0,748
2024/2/13,22:30:00,726,0,190,412,68,0,1,0,51,0,0,4,0,0,0,0,0,726
2024/2/13,23:00:00,691,0,173,398,63,0,1,0,51,0,0,5,0,0,0,0,0,691
2024/2/13,23:30:00,687,0,172,396,63,0,1,0,51,0,0,4,0,0,0,0,0,687
2024/2/14,0:00:00,646,0,156,376,58,0,1,0,51,0,0,4,0,0,0,0,0,646
2024/2/14,0:30:00,627,0,154,359,58,0,1,0,51,0,0,4,0,0,0,0,0,627
2024/2/14,1:00:00,614,0,152,351,55,0,1,0,51,0,0,4,0,0,0,0,0,614
2024/2/14,1:30:00,615,0,153,351,55,0,1,0,51,0,0,4,0,0,0,0,0,615
2024/2/14,2:00:00,624,0,152,361,55,0,1,0,51,0,0,4,0,0,0,0,0,624
2024/2/14,2:30:00,641,0,154,377,55,0,1,0,51,0,0,3,0,0,0,0,0,641
2024/2/14,3:00:00,658,0,153,394,56,0,1,0,51,0,0,3,0,0,0,0,0,658
2024/2/14,3:30:00,670,0,154,405,56,0,1,0,51,0,0,3,0,0,0,0,0,670
2024/2/14,4:00:00,674,0,154,406,58,0,1,0,51,0,0,4,0,0,0,0,0,674
2024/2/14,4:30:00,675,0,153,408,58,0,1,0,51,0,0,4,0,0,0,0,0,675
2024/2/14,5:00:00,681,0,153,411,60,0,1,0,51,0,0,5,0,0,0,0,0,681
2024/2/14,5:30:00,666,0,155,393,60,0,1,0,51,0,0,6,0,0,0,0,0,666
2024/2/14,6:00:00,680,0,154,405,63,0,1,0,51,0,0,6,0,0,0,0,0,680
2024/2/14,6:30:00,711,0,160,429,63,0,1,0,51,0,0,7,0,0,0,0,0,711
2024/2/14,7:00:00,741,0,155,457,69,0,1,0,51,1,0,7,0,0,0,0,0,741
2024/2/14,7:30:00,754,0,152,464,69,0,1,0,51,10,0,7,0,0,0,0,0,754
2024/2/14,8:00:00,799,0,156,466,77,0,1,0,51,41,0,7,0,0,0,0,0,799
2024/2/14,8:30:00,814,0,155,440,77,0,1,0,51,83,0,7,0,0,0,0,0,814
2024/2/14,9:00:00,849,0,155,423,93,0,1,0,49,121,0,7,0,0,0,0,0,849
2024/2/14,9:30:00,857,0,156,396,92,0,1,0,44,161,0,7,0,0,0,0,0,857
2024/2/14,10:00:00,869,0,156,372,98,0,1,0,38,198,0,6,0,0,0,0,0,869
2024/2/14,10:30:00,876,0,161,353,98,0,1,0,30,227,0,6,0,0,0,0,0,876
2024/2/14,11:00:00,874,0,177,339,97,0,1,0,28,228,0,4,0,0,0,0,0,874
2024/2/14,11:30:00,877,0,184,347,97,0,1,0,28,215,0,5,0,0,0,0,0,877
2024/2/14,12:00:00,857,0,165,346,97,0,1,0,28,213,0,7,0,0,0,0,0,857
2024/2/14,12:30:00,850,0,153,326,97,0,1,0,28,238,0,7,0,0,0,0,0,850
2024/2/14,13:00:00,869,0,156,356,87,0,1,0,28,234,0,7,0,0,0,0,0,869
2024/2/14,13:30:00,870,0,158,384,87,0,1,0,28,205,0,7,0,0,0,0,0,870
2024/2/14,14:00:00,883,0,164,363,91,0,1,0,31,227,0,6,0,0,0,0,0,883
2024/2/14,14:30:00,899,0,168,366,91,0,1,0,40,227,0,6,0,0,0,0,0,899
2024/2/14,15:00:00,875,0,172,375,82,0,1,0,46,194,0,5,0,0,0,0,0,875
2024/2/14,15:30:00,868,0,167,434,78,0,1,0,51,132,0,5,0,0,0,0,0,868
2024/2/14,16:00:00,832,0,153,472,68,0,1,0,51,81,0,6,0,0,0,0,0,832
2024/2/14,16:30:00,822,0,153,496,68,0,1,0,51,48,0,5,0,0,0,0,0,822
2024/2/14,17:00:00,826,0,150,524,73,0,1,0,51,23,0,4,0,0,0,0,0,826
2024/2/14,17:30:00,827,0,153,534,73,0,1,0,51,11,0,4,0,0,0,0,0,827
2024/2/14,18:00:00,858,0,158,562,80,0,1,0,51,3,0,3,0,0,0,0,0,858
2024/2/14,18:30:00,876,0,173,567,80,0,1,0,51,0,0,4,0,0,0,0,0,876
2024/2/14,19:00:00,878,0,182,558,81,0,1,0,51,0,0,5,0,0,0,0,0,878
2024/2/14,19:30:00,867,0,187,541,81,0,1,0,51,0,0,6,0,0,0,0,0,867
2024/2/14,20:00:00,850,0,175,538,79,0,1,0,51,0,0,6,0,0,0,0,0,850
2024/2/14,20:30:00,841,0,185,519,79,0,1,0,51,0,0,6,0,0,0,0,0,841
2024/2/14,21:00:00,814,0,167,513,76,0,1,0,51,0,0,6,0,0,0,0,0,814
2024/2/14,21:30:00,792,0,155,503,76,0,1,0,51,0,0,6,0,0,0,0,0,792
2024/2/14,22:00:00,756,0,155,472,71,0,1,0,51,0,0,6,0,0,0,0,0,756
2024/2/14,22:30:00,731,0,158,445,71,0,1,0,51,0,0,5,0,0,0,0,0,731
2024/2/14,23:00:00,707,0,183,401,66,0,1,0,51,0,0,5,0,0,0,0,0,707
2024/2/14,23:30:00,681,0,172,387,66,0,1,0,51,0,0,4,0,0,0,0,0,681
2024/2/15,0:00:00,658,0,174,366,62,0,1,0,51,0,0,4,0,0,0,0,0,658
2024/2/15,0:30:00,640,0,158,363,62,0,1,0,51,0,0,5,0,0,0,0,0,640
2024/2/15,1:00:00,631,0,154,361,60,0,1,0,51,0,0,4,0,0,0,0,0,631
2024/2/15,1:30:00,627,0,152,359,60,0,1,0,51,0,0,4,0,0,0,0,0,627
2024/2/15,2:00:00,629,0,154,361,60,0,1,0,51,0,0,2,0,0,0,0,0,629
2024/2/15,2:30:00,645,0,154,378,60,0,1,0,51,0,0,1,0,0,0,0,0,645
2024/2/15,3:00:00,659,0,158,389,59,0,1,0,51,0,0,1,0,0,0,0,0,659
2024/2/15,3:30:00,670,0,154,404,59,0,1,0,51,0,0,1,0,0,0,0,0,670
2024/2/15,4:00:00,677,0,152,410,61,0,1,0,51,0,0,2,0,0,0,0,0,677
2024/2/15,4:30:00,674,0,154,406,61,0,1,0,51,0,0,1,0,0,0,0,0,674
2024/2/15,5:00:00,677,0,153,409,62,0,1,0,51,0,0,1,0,0,0,0,0,677
2024/2/15,5:30:00,662,0,153,395,62,0,1,0,51,0,0,0,0,0,0,0,0,662
2024/2/15,6:00:00,680,0,153,409,65,0,1,0,51,0,0,1,0,0,0,0,0,680
2024/2/15,6:30:00,710,0,152,440,65,0,1,0,51,0,0,1,0,0,0,0,0,710
2024/2/15,7:00:00,740,0,153,463,70,0,1,0,51,1,0,1,0,0,0,0,0,740
2024/2/15,7:30:00,757,0,153,467,70,0,1,0,51,15,0,0,0,0,0,0,0,757
2024/2/15,8:00:00,796,0,155,465,77,0,1,0,51,47,0,0,0,0,0,0,0,796
2024/2/15,8:30:00,835,0,156,459,79,0,1,0,51,89,0,0,0,0,0,0,0,835
2024/2/15,9:00:00,871,0,153,452,85,0,1,0,51,129,0,0,0,0,0,0,0,871
2024/2/15,9:30:00,893,0,153,437,85,0,1,0,51,166,0,0,0,0,0,0,0,893
2024/2/15,10:00:00,909,0,155,414,88,0,1,0,51,200,0,0,0,0,0,0,0,909
2024/2/15,10:30:00,919,0,159,390,88,0,1,0,51,230,0,0,0,0,0,0,0,919
2024/2/15,11:00:00,932,0,172,365,89,0,1,0,51,254,0,0,0,0,0,0,0,932
2024/2/15,11:30:00,940,0,160,369,89,0,1,0,51,270,0,0,0,0,0,0,0,940
2024/2/15,12:00:00,929,0,154,354,88,0,1,0,51,281,0,0,0,0,0,0,0,929
2024/2/15,12:30:00,926,0,153,349,88,0,1,0,51,284,0,0,0,0,0,0,0,926
2024/2/15,13:00:00,942,0,148,367,88,0,1,0,51,287,0,0,0,0,0,0,0,942
2024/2/15,13:30:00,945,0,144,382,88,0,1,0,51,279,0,0,0,0,0,0,0,945
2024/2/15,14:00:00,936,0,154,379,85,0,1,0,51,266,0,0,0,0,0,0,0,936
2024/2/15,14:30:00,933,0,159,393,83,0,1,0,51,246,0,0,0,0,0,0,0,933
2024/2/15,15:00:00,919,0,152,418,78,0,1,0,51,219,0,0,0,0,0,0,0,919
2024/2/15,15:30:00,913,0,154,441,78,0,1,0,51,187,0,1,0,0,0,0,0,913
2024/2/15,16:00:00,908,0,155,471,78,0,1,0,51,151,0,1,0,0,0,0,0,908
2024/2/15,16:30:00,899,0,156,502,78,0,1,0,51,110,0,1,0,0,0,0,0,899
2024/2/15,17:00:00,886,0,156,533,77,0,1,0,51,67,0,1,0,0,0,0,0,886
2024/2/15,17:30:00,862,0,152,552,77,0,1,0,51,28,0,1,0,0,0,0,0,862
2024/2/15,18:00:00,874,0,166,568,82,0,1,0,51,5,0,1,0,0,0,0,0,874
2024/2/15,18:30:00,898,0,195,568,82,0,1,0,51,0,0,1,0,0,0,0,0,898
2024/2/15,19:00:00,893,0,213,544,83,0,1,0,51,0,0,1,0,0,0,0,0,893
2024/2/15,19:30:00,883,0,208,539,83,0,1,0,51,0,0,1,0,0,0,0,0,883
2024/2/15,20:00:00,857,0,208,515,81,0,1,0,51,0,0,1,0,0,0,0,0,857
2024/2/15,20:30:00,857,0,208,515,81,0,1,0,51,0,0,1,0,0,0,0,0,857
2024/2/15,21:00:00,826,0,182,514,77,0,1,0,51,0,0,1,0,0,0,0,0,826
2024/2/15,21:30:00,800,0,161,510,77,0,1,0,51,0,0,0,0,0,0,0,0,800
2024/2/15,22:00:00,782,0,156,503,71,0,1,0,51,0,0,0,0,0,0,0,0,782
2024/2/15,22:30:00,766,0,157,486,71,0,1,0,51,0,0,0,0,0,0,0,0,766
2024/2/15,23:00:00,742,0,159,465,66,0,1,0,51,0,0,0,0,0,0,0,0,742
2024/2/15,23:30:00,725,0,177,430,66,0,1,0,51,0,0,0,0,0,0,0,0,725
2024/2/16,0:00:00,696,0,189,394,60,0,1,0,51,0,0,1,0,0,0,0,0,696
2024/2/16,0:30:00,684,0,176,394,60,0,1,0,51,0,0,2,0,0,0,0,0,684
2024/2/16,1:00:00,653,0,156,387,56,0,1,0,51,0,0,2,0,0,0,0,0,653
2024/2/16,1:30:00,660,0,160,390,56,0,1,0,51,0,0,2,0,0,0,0,0,660
2024/2/16,2:00:00,658,0,162,386,56,0,1,0,51,0,0,2,0,0,0,0,0,658
2024/2/16,2:30:00,684,0,178,395,56,0,1,0,51,0,0,3,0,0,0,0,0,684
2024/2/16,3:00:00,692,0,166,415,56,0,1,0,51,0,0,3,0,0,0,0,0,692
2024/2/16,3:30:00,711,0,162,438,56,0,1,0,51,0,0,3,0,0,0,0,0,711
2024/2/16,4:00:00,709,0,159,437,58,0,1,0,51,0,0,3,0,0,0,0,0,709
2024/2/16,4:30:00,709,0,158,439,58,0,1,0,51,0,0,2,0,0,0,0,0,709
2024/2/16,5:00:00,711,0,154,443,60,0,1,0,51,0,0,2,0,0,0,0,0,711
2024/2/16,5:30:00,708,0,154,439,60,0,1,0,51,0,0,3,0,0,0,0,0,708
2024/2/16,6:00:00,714,0,157,438,65,0,1,0,51,0,0,2,0,0,0,0,0,714
2024/2/16,6:30:00,750,0,155,476,65,0,1,0,51,0,0,2,0,0,0,0,0,750
2024/2/16,7:00:00,766,0,154,488,69,0,1,0,51,1,0,2,0,0,0,0,0,766
2024/2/16,7:30:00,789,0,148,505,69,0,1,0,51,13,0,2,0,0,0,0,0,789
2024/2/16,8:00:00,816,0,162,503,71,0,1,0,51,26,0,2,0,0,0,0,0,816
2024/2/16,8:30:00,843,0,171,513,71,0,1,0,51,34,0,2,0,0,0,0,0,843
2024/2/16,9:00:00,869,0,181,513,68,0,1,0,51,53,0,2,0,0,0,0,0,869
2024/2/16,9:30:00,863,0,177,499,68,0,1,0,51,65,0,2,0,0,0,0,0,863
2024/2/16,10:00:00,887,0,205,496,64,0,1,0,51,68,0,2,0,0,0,0,0,887
2024/2/16,10:30:00,885,0,207,497,64,0,1,0,51,63,0,2,0,0,0,0,0,885
2024/2/16,11:00:00,893,0,212,512,63,0,1,0,51,52,0,2,0,0,0,0,0,893
2024/2/16,11:30:00,883,0,196,521,63,0,1,0,51,49,0,2,0,0,0,0,0,883
2024/2/16,12:00:00,882,0,177,515,59,0,1,0,51,77,0,2,0,0,0,0,0,882
2024/2/16,12:30:00,845,0,160,505,59,0,1,0,51,67,0,2,0,0,0,0,0,845
2024/2/16,13:00:00,865,0,194,504,62,0,1,0,51,52,0,1,0,0,0,0,0,865
2024/2/16,13:30:00,873,0,194,508,62,0,1,0,51,55,0,2,0,0,0,0,0,873
2024/2/16,14:00:00,881,0,192,516,66,0,1,0,51,54,0,1,0,0,0,0,0,881
2024/2/16,14:30:00,873,0,181,504,66,0,1,0,51,69,0,1,0,0,0,0,0,873
2024/2/16,15:00:00,871,0,182,504,63,0,1,0,51,69,0,1,0,0,0,0,0,871
2024/2/16,15:30:00,876,0,192,509,63,0,1,0,51,59,0,1,0,0,0,0,0,876
2024/2/16,16:00:00,875,0,180,524,67,0,1,0,51,50,0,2,0,0,0,0,0,875
2024/2/16,16:30:00,860,0,176,533,67,0,1,0,51,30,0,2,0,0,0,0,0,860
2024/2/16,17:00:00,874,0,167,561,73,0,1,0,51,20,0,1,0,0,0,0,0,874
2024/2/16,17:30:00,873,0,166,572,73,0,1,0,51,8,0,2,0,0,0,0,0,873
2024/2/16,18:00:00,904,0,190,581,78,0,1,0,51,2,0,1,0,0,0,0,0,904
2024/2/16,18:30:00,900,0,191,578,78,0,1,0,51,0,0,1,0,0,0,0,0,900
2024/2/16,19:00:00,900,0,193,577,77,0,1,0,51,0,0,1,0,0,0,0,0,900
2024/2/16,19:30:00,866,0,173,563,77,0,1,0,51,0,0,1,0,0,0,0,0,866
2024/2/16,20:00:00,850,0,179,543,75,0,1,0,51,0,0,1,0,0,0,0,0,850
2024/2/16,20:30:00,828,0,182,518,75,0,1,0,51,0,0,1,0,0,0,0,0,828
2024/2/16,21:00:00,806,0,167,513,74,0,1,0,51,0,0,0,0,0,0,0,0,806
2024/2/16,21:30:00,785,0,155,504,74,0,1,0,51,0,0,0,0,0,0,0,0,785
2024/2/16,22:00:00,752,0,154,477,69,0,1,0,51,0,0,0,0,0,0,0,0,752
2024/2/16,22:30:00,728,0,156,451,69,0,1,0,51,0,0,0,0,0,0,0,0,728
2024/2/16,23:00:00,703,0,161,426,64,0,1,0,51,0,0,0,0,0,0,0,0,703
2024/2/16,23:30:00,685,0,154,415,64,0,1,0,51,0,0,0,0,0,0,0,0,685
2024/2/17,0:00:00,658,0,154,393,59,0,1,0,51,0,0,0,0,0,0,0,0,658
2024/2/17,0:30:00,636,0,154,371,59,0,1,0,51,0,0,0,0,0,0,0,0,636
2024/2/17,1:00:00,623,0,152,362,57,0,1,0,51,0,0,0,0,0,0,0,0,623
2024/2/17,1:30:00,615,0,153,353,57,0,1,0,51,0,0,0,0,0,0,0,0,615
2024/2/17,2:00:00,625,0,154,363,56,0,1,0,51,0,0,0,0,0,0,0,0,625
2024/2/17,2:30:00,640,0,152,380,56,0,1,0,51,0,0,0,0,0,0,0,0,640
2024/2/17,3:00:00,655,0,154,392,57,0,1,0,51,0,0,0,0,0,0,0,0,655
2024/2/17,3:30:00,661,0,154,398,57,0,1,0,51,0,0,0,0,0,0,0,0,661
2024/2/17,4:00:00,667,0,154,402,59,0,1,0,51,0,0,0,0,0,0,0,0,667
2024/2/17,4:30:00,667,0,156,400,59,0,1,0,51,0,0,0,0,0,0,0,0,667
2024/2/17,5:00:00,670,0,153,404,61,0,1,0,51,0,0,0,0,0,0,0,0,670
2024/2/17,5:30:00,675,0,150,412,61,0,1,0,51,0,0,0,0,0,0,0,0,675
2024/2/17,6:00:00,677,0,152,411,62,0,1,0,51,0,0,0,0,0,0,0,0,677
2024/2/17,6:30:00,683,0,157,412,62,0,1,0,51,0,0,0,0,0,0,0,0,683
2024/2/17,7:00:00,705,0,153,434,65,0,1,0,51,1,0,0,0,0,0,0,0,705
2024/2/17,7:30:00,715,0,154,432,65,0,1,0,51,12,0,0,0,0,0,0,0,715
2024/2/17,8:00:00,750,0,161,429,70,0,1,0,51,38,0,0,0,0,0,0,0,750
2024/2/17,8:30:00,779,0,160,434,75,0,1,0,51,58,0,0,0,0,0,0,0,779
2024/2/17,9:00:00,789,0,152,430,74,0,1,0,51,81,0,0,0,0,0,0,0,789
2024/2/17,9:30:00,814,0,162,422,74,0,1,0,44,111,0,0,0,0,0,0,0,814
2024/2/17,10:00:00,815,0,153,418,74,0,1,0,38,131,0,0,0,0,0,0,0,815
2024/2/17,10:30:00,807,0,181,385,74,0,1,0,31,135,0,0,0,0,0,0,0,807
2024/2/17,11:00:00,812,0,193,360,73,0,1,0,28,157,0,0,0,0,0,0,0,812
2024/2/17,11:30:00,860,0,194,364,73,0,1,0,28,200,0,0,0,0,0,0,0,860
2024/2/17,12:00:00,861,0,179,365,75,0,1,0,28,213,0,0,0,0,0,0,0,861
2024/2/17,12:30:00,893,0,179,365,75,0,1,0,28,245,0,0,0,0,0,0,0,893
2024/2/17,13:00:00,889,0,153,398,74,0,1,0,28,235,0,0,0,0,0,0,0,889
2024/2/17,13:30:00,874,0,146,400,74,0,1,0,28,225,0,0,0,0,0,0,0,874
2024/2/17,14:00:00,868,0,142,378,75,0,1,0,31,241,0,0,0,0,0,0,0,868
2024/2/17,14:30:00,879,0,146,384,75,0,1,0,39,234,0,0,0,0,0,0,0,879
2024/2/17,15:00:00,856,0,145,377,83,0,1,0,46,204,0,0,0,0,0,0,0,856
2024/2/17,15:30:00,850,0,155,391,83,0,1,0,51,169,0,0,0,0,0,0,0,850
2024/2/17,16:00:00,830,0,141,438,79,0,1,0,51,120,0,0,0,0,0,0,0,830
2024/2/17,16:30:00,834,0,147,464,79,0,1,0,51,92,0,0,0,0,0,0,0,834
2024/2/17,17:00:00,820,0,162,470,76,0,1,0,51,60,0,0,0,0,0,0,0,820
2024/2/17,17:30:00,821,0,163,509,69,0,1,0,51,28,0,0,0,0,0,0,0,821
2024/2/17,18:00:00,819,0,154,530,77,0,1,0,51,6,0,0,0,0,0,0,0,819
2024/2/17,18:30:00,842,0,153,560,77,0,1,0,51,0,0,0,0,0,0,0,0,842
2024/2/17,19:00:00,844,0,152,560,80,0,1,0,51,0,0,0,0,0,0,0,0,844
2024/2/17,19:30:00,836,0,160,544,80,0,1,0,51,0,0,0,0,0,0,0,0,836
2024/2/17,20:00:00,823,0,158,535,78,0,1,0,51,0,0,0,0,0,0,0,0,823
2024/2/17,20:30:00,810,0,164,516,78,0,1,0,51,0,0,0,0,0,0,0,0,810
2024/2/17,21:00:00,778,0,153,499,74,0,1,0,51,0,0,0,0,0,0,0,0,778
2024/2/17,21:30:00,766,0,155,485,74,0,1,0,51,0,0,0,0,0,0,0,0,766
2024/2/17,22:00:00,726,0,152,453,69,0,1,0,51,0,0,0,0,0,0,0,0,726
2024/2/17,22:30:00,703,0,155,427,69,0,1,0,51,0,0,0,0,0,0,0,0,703
2024/2/17,23:00:00,682,0,153,413,64,0,1,0,51,0,0,0,0,0,0,0,0,682
2024/2/17,23:30:00,665,0,154,395,64,0,1,0,51,0,0,0,0,0,0,0,0,665
2024/2/18,0:00:00,639,0,152,376,59,0,1,0,51,0,0,0,0,0,0,0,0,639
2024/2/18,0:30:00,618,0,154,353,59,0,1,0,51,0,0,0,0,0,0,0,0,618
2024/2/18,1:00:00,608,0,153,345,57,0,1,0,51,0,0,1,0,0,0,0,0,608
2024/2/18,1:30:00,603,0,155,338,57,0,1,0,51,0,0,1,0,0,0,0,0,603
2024/2/18,2:00:00,609,0,152,347,57,0,1,0,51,0,0,1,0,0,0,0,0,609
2024/2/18,2:30:00,623,0,153,358,59,0,1,0,51,0,0,1,0,0,0,0,0,623
2024/2/18,3:00:00,645,0,154,375,63,0,1,0,51,0,0,1,0,0,0,0,0,645
2024/2/18,3:30:00,653,0,157,381,63,0,1,0,51,0,0,0,0,0,0,0,0,653
2024/2/18,4:00:00,660,0,153,390,64,0,1,0,51,0,0,1,0,0,0,0,0,660
2024/2/18,4:30:00,652,0,157,379,64,0,1,0,51,0,0,0,0,0,0,0,0,652
2024/2/18,5:00:00,651,0,155,378,65,0,1,0,51,0,0,1,0,0,0,0,0,651
2024/2/18,5:30:00,630,0,153,359,65,0,1,0,51,0,0,1,0,0,0,0,0,630
2024/2/18,6:00:00,622,0,155,348,66,0,1,0,51,0,0,1,0,0,0,0,0,622
2024/2/18,6:30:00,619,0,155,345,66,0,1,0,51,0,0,1,0,0,0,0,0,619
2024/2/18,7:00:00,636,0,152,361,69,0,1,0,51,1,0,1,0,0,0,0,0,636
2024/2/18,7:30:00,652,0,154,362,69,0,1,0,51,14,0,1,0,0,0,0,0,652
2024/2/18,8:00:00,687,0,162,361,72,0,1,0,51,40,0,0,0,0,0,0,0,687
2024/2/18,8:30:00,727,0,182,342,72,0,1,0,46,84,0,0,0,0,0,0,0,727
2024/2/18,9:00:00,734,0,178,351,70,0,1,0,38,96,11,0,2,0,0,0,0,734
2024/2/18,9:30:00,744,0,175,357,70,0,1,0,31,110,13,0,2,0,0,0,0,744
2024/2/18,10:00:00,747,0,165,348,73,0,1,0,28,132,15,0,2,0,0,0,0,747
2024/2/18,10:30:00,758,0,162,344,73,0,1,0,28,150,17,0,2,0,0,0,0,758
2024/2/18,11:00:00,742,0,153,340,70,0,1,0,28,150,17,0,2,0,0,0,0,742
2024/2/18,11:30:00,728,0,154,329,70,0,1,0,28,146,17,0,2,0,0,0,0,728
2024/2/18,12:00:00,742,0,149,327,74,0,1,0,28,163,19,0,2,0,0,0,0,742
2024/2/18,12:30:00,740,0,145,316,74,0,1,0,28,176,20,0,2,0,0,0,0,740
2024/2/18,13:00:00,748,0,145,321,74,0,1,0,28,179,21,0,2,0,0,0,0,748
2024/2/18,13:30:00,760,0,141,326,74,0,1,0,28,190,22,0,2,0,0,0,0,760
2024/2/18,14:00:00,764,0,149,324,76,0,1,0,28,186,21,0,2,0,0,0,0,764
2024/2/18,14:30:00,760,0,144,341,76,0,1,0,28,170,20,0,2,0,0,0,0,760
2024/2/18,15:00:00,766,0,149,351,79,0,1,0,28,158,18,0,2,0,0,0,0,766
2024/2/18,15:30:00,765,0,153,365,79,0,1,0,31,136,15,0,2,0,0,0,0,765
2024/2/18,16:00:00,773,0,150,402,78,0,1,0,39,103,11,0,2,0,0,0,0,773
2024/2/18,16:30:00,772,0,152,418,78,0,1,0,45,78,9,0,2,0,0,0,0,772
2024/2/18,17:00:00,786,0,155,443,80,0,1,0,51,55,0,1,0,0,0,0,0,786
2024/2/18,17:30:00,783,0,153,476,77,0,1,0,51,23,0,2,0,0,0,0,0,783
2024/2/18,18:00:00,809,0,160,508,81,0,1,0,51,6,0,2,0,0,0,0,0,809
2024/2/18,18:30:00,839,0,190,514,81,0,1,0,51,0,0,2,0,0,0,0,0,839
2024/2/18,19:00:00,841,0,193,511,83,0,1,0,51,0,0,2,0,0,0,0,0,841
2024/2/18,19:30:00,838,0,188,513,83,0,1,0,51,0,0,2,0,0,0,0,0,838
2024/2/18,20:00:00,824,0,175,513,81,0,1,0,51,0,0,3,0,0,0,0,0,824
2024/2/18,20:30:00,814,0,163,515,81,0,1,0,51,0,0,3,0,0,0,0,0,814
2024/2/18,21:00:00,787,0,154,500,78,0,1,0,51,0,0,3,0,0,0,0,0,787
2024/2/18,21:30:00,772,0,155,483,78,0,1,0,51,0,0,4,0,0,0,0,0,772
2024/2/18,22:00:00,736,0,156,451,73,0,1,0,51,0,0,4,0,0,0,0,0,736
2024/2/18,22:30:00,714,0,155,429,73,0,1,0,51,0,0,5,0,0,0,0,0,714
2024/2/18,23:00:00,692,0,156,412,68,0,1,0,51,0,0,4,0,0,0,0,0,692
2024/2/18,23:30:00,669,0,153,392,68,0,1,0,51,0,0,4,0,0,0,0,0,669
2024/2/19,0:00:00,645,0,154,371,63,0,1,0,51,0,0,5,0,0,0,0,0,645
2024/2/19,0:30:00,628,0,154,354,63,0,1,0,51,0,0,5,0,0,0,0,0,628
2024/2/19,1:00:00,614,0,154,342,61,0,1,0,51,0,0,5,0,0,0,0,0,614
2024/2/19,1:30:00,612,0,153,342,61,0,1,0,51,0,0,4,0,0,0,0,0,612
2024/2/19,2:00:00,619,0,155,348,60,0,1,0,51,0,0,4,0,0,0,0,0,619
2024/2/19,2:30:00,638,0,156,366,60,0,1,0,51,0,0,4,0,0,0,0,0,638
2024/2/19,3:00:00,653,0,152,385,61,0,1,0,51,0,0,3,0,0,0,0,0,653
2024/2/19,3:30:00,666,0,154,396,61,0,1,0,51,0,0,3,0,0,0,0,0,666
2024/2/19,4:00:00,669,0,151,400,63,0,1,0,51,0,0,3,0,0,0,0,0,669
2024/2/19,4:30:00,672,0,156,398,63,0,1,0,51,0,0,3,0,0,0,0,0,672
2024/2/19,5:00:00,676,0,154,402,65,0,1,0,51,0,0,3,0,0,0,0,0,676
2024/2/19,5:30:00,667,0,151,396,65,0,1,0,51,0,0,3,0,0,0,0,0,667
2024/2/19,6:00:00,676,0,154,399,68,0,1,0,51,0,0,3,0,0,0,0,0,676
2024/2/19,6:30:00,700,0,158,420,68,0,1,0,51,0,0,2,0,0,0,0,0,700
2024/2/19,7:00:00,737,0,152,458,73,0,1,0,51,1,0,1,0,0,0,0,0,737
2024/2/19,7:30:00,758,0,154,465,73,0,1,0,51,13,0,1,0,0,0,0,0,758
2024/2/19,8:00:00,808,0,163,470,78,0,1,0,51,43,0,2,0,0,0,0,0,808
2024/2/19,8:30:00,848,0,157,469,78,0,1,0,51,88,0,4,0,0,0,0,0,848
2024/2/19,9:00:00,872,0,189,423,83,0,1,0,51,123,0,2,0,0,0,0,0,872
2024/2/19,9:30:00,894,0,189,408,83,0,1,0,51,161,0,1,0,0,0,0,0,894
2024/2/19,10:00:00,917,0,187,392,86,0,1,0,51,198,0,2,0,0,0,0,0,917
2024/2/19,10:30:00,931,0,188,377,86,0,1,0,51,226,0,2,0,0,0,0,0,931
2024/2/19,11:00:00,906,0,174,363,83,0,1,0,51,232,0,2,0,0,0,0,0,906
2024/2/19,11:30:00,953,0,185,397,83,0,1,0,51,234,0,2,0,0,0,0,0,953
2024/2/19,12:00:00,913,0,158,398,81,0,1,0,51,221,0,3,0,0,0,0,0,913
2024/2/19,12:30:00,947,0,155,393,81,0,1,0,51,263,0,3,0,0,0,0,0,947
2024/2/19,13:00:00,960,0,154,414,73,0,1,0,50,264,0,4,0,0,0,0,0,960
2024/2/19,13:30:00,946,0,154,420,73,0,1,0,51,243,0,4,0,0,0,0,0,946
2024/2/19,14:00:00,950,0,156,429,77,0,1,0,51,232,0,4,0,0,0,0,0,950
2024/2/19,14:30:00,946,0,151,444,77,0,1,0,51,218,0,4,0,0,0,0,0,946
2024/2/19,15:00:00,935,0,153,466,77,0,1,0,51,184,0,3,0,0,0,0,0,935
2024/2/19,15:30:00,938,0,154,489,77,0,1,0,51,163,0,3,0,0,0,0,0,938
2024/2/19,16:00:00,927,0,153,522,78,0,1,0,50,120,0,3,0,0,0,0,0,927
2024/2/19,16:30:00,918,0,154,548,78,0,1,0,50,84,0,3,0,0,0,0,0,918
2024/2/19,17:00:00,886,0,154,552,81,0,1,0,50,46,0,2,0,0,0,0,0,886
2024/2/19,17:30:00,883,0,202,528,81,0,1,0,50,19,0,2,0,0,0,0,0,883
2024/2/19,18:00:00,900,0,222,533,87,0,1,0,50,5,0,2,0,0,0,0,0,900
2024/2/19,18:30:00,920,0,223,556,87,0,1,0,51,0,0,2,0,0,0,0,0,920
2024/2/19,19:00:00,918,0,223,552,90,0,1,0,51,0,0,1,0,0,0,0,0,918
2024/2/19,19:30:00,906,0,222,541,90,0,1,0,51,0,0,1,0,0,0,0,0,906
2024/2/19,20:00:00,888,0,223,525,87,0,1,0,51,0,0,1,0,0,0,0,0,888
2024/2/19,20:30:00,869,0,214,515,87,0,1,0,51,0,0,1,0,0,0,0,0,869
2024/2/19,21:00:00,843,0,165,542,83,0,1,0,51,0,0,1,0,0,0,0,0,843
2024/2/19,21:30:00,819,0,155,528,83,0,1,0,51,0,0,1,0,0,0,0,0,819
2024/2/19,22:00:00,777,0,153,495,76,0,1,0,51,0,0,1,0,0,0,0,0,777
2024/2/19,22:30:00,758,0,150,479,76,0,1,0,51,0,0,1,0,0,0,0,0,758
2024/2/19,23:00:00,727,0,155,449,69,0,1,0,51,0,0,2,0,0,0,0,0,727
2024/2/19,23:30:00,700,0,153,425,69,0,1,0,51,0,0,1,0,0,0,0,0,700
2024/2/20,0:00:00,671,0,153,400,65,0,1,0,51,0,0,1,0,0,0,0,0,671
2024/2/20,0:30:00,650,0,153,379,65,0,1,0,51,0,0,1,0,0,0,0,0,650
2024/2/20,1:00:00,635,0,151,369,62,0,1,0,51,0,0,1,0,0,0,0,0,635
2024/2/20,1:30:00,636,0,150,371,62,0,1,0,51,0,0,1,0,0,0,0,0,636
2024/2/20,2:00:00,636,0,155,367,61,0,1,0,51,0,0,1,0,0,0,0,0,636
2024/2/20,2:30:00,655,0,154,387,61,0,1,0,51,0,0,1,0,0,0,0,0,655
2024/2/20,3:00:00,666,0,153,398,62,0,1,0,51,0,0,1,0,0,0,0,0,666
2024/2/20,3:30:00,679,0,151,412,62,0,1,0,51,0,0,2,0,0,0,0,0,679
2024/2/20,4:00:00,684,0,154,413,64,0,1,0,51,0,0,1,0,0,0,0,0,684
2024/2/20,4:30:00,687,0,156,414,64,0,1,0,51,0,0,1,0,0,0,0,0,687
2024/2/20,5:00:00,689,0,152,419,65,0,1,0,51,0,0,1,0,0,0,0,0,689
2024/2/20,5:30:00,682,0,150,414,65,0,1,0,51,0,0,1,0,0,0,0,0,682
2024/2/20,6:00:00,694,0,154,419,68,0,1,0,51,0,0,1,0,0,0,0,0,694
2024/2/20,6:30:00,722,0,151,446,72,0,1,0,51,0,0,1,0,0,0,0,0,722
2024/2/20,7:00:00,754,0,143,477,80,0,1,0,51,1,0,1,0,0,0,0,0,754
2024/2/20,7:30:00,774,0,143,484,80,0,1,0,51,14,0,1,0,0,0,0,0,774
2024/2/20,8:00:00,814,0,145,503,83,0,1,0,51,29,0,2,0,0,0,0,0,814
2024/2/20,8:30:00,854,0,152,512,83,0,1,0,51,54,0,1,0,0,0,0,0,854
2024/2/20,9:00:00,888,0,195,480,82,0,1,0,51,78,0,1,0,0,0,0,0,888
2024/2/20,9:30:00,909,0,193,483,82,0,1,0,51,98,0,1,0,0,0,0,0,909
2024/2/20,10:00:00,919,0,167,499,82,0,1,0,51,117,0,2,0,0,0,0,0,919
2024/2/20,10:30:00,930,0,162,489,82,0,1,0,51,143,0,2,0,0,0,0,0,930
2024/2/20,11:00:00,938,0,171,473,78,0,1,0,51,163,0,1,0,0,0,0,0,938
2024/2/20,11:30:00,922,0,159,469,78,0,1,0,51,163,0,1,0,0,0,0,0,922
2024/2/20,12:00:00,917,0,154,452,79,0,1,0,51,178,0,2,0,0,0,0,0,917
2024/2/20,12:30:00,940,0,145,452,79,0,1,0,51,210,0,2,0,0,0,0,0,940
2024/2/20,13:00:00,971,0,167,460,83,0,1,0,51,206,0,3,0,0,0,0,0,971
2024/2/20,13:30:00,950,0,164,473,83,0,1,0,51,175,0,3,0,0,0,0,0,950
2024/2/20,14:00:00,952,0,144,480,84,0,1,0,51,189,0,3,0,0,0,0,0,952
2024/2/20,14:30:00,941,0,142,491,84,0,1,0,51,170,0,2,0,0,0,0,0,941
2024/2/20,15:00:00,941,0,154,482,87,0,1,0,51,164,0,2,0,0,0,0,0,941
2024/2/20,15:30:00,957,0,179,479,87,0,1,0,51,158,0,2,0,0,0,0,0,957
2024/2/20,16:00:00,962,0,201,488,89,0,1,0,51,130,0,2,0,0,0,0,0,962
2024/2/20,16:30:00,957,0,205,507,88,0,1,0,51,103,0,2,0,0,0,0,0,957
2024/2/20,17:00:00,919,0,199,519,87,0,1,0,51,60,0,2,0,0,0,0,0,919
2024/2/20,17:30:00,904,0,188,547,87,0,1,0,51,28,0,2,0,0,0,0,0,904
2024/2/20,18:00:00,910,0,187,571,91,0,1,0,51,7,0,2,0,0,0,0,0,910
2024/2/20,18:30:00,930,0,213,572,91,0,1,0,51,0,0,2,0,0,0,0,0,930
2024/2/20,19:00:00,932,0,203,583,92,0,1,0,51,0,0,2,0,0,0,0,0,932
2024/2/20,19:30:00,919,0,177,596,92,0,1,0,51,0,0,2,0,0,0,0,0,919
2024/2/20,20:00:00,900,0,202,555,89,0,1,0,51,0,0,2,0,0,0,0,0,900
2024/2/20,20:30:00,884,0,203,538,89,0,1,0,51,0,0,2,0,0,0,0,0,884
2024/2/20,21:00:00,851,0,181,532,84,0,1,0,51,0,0,2,0,0,0,0,0,851
2024/2/20,21:30:00,829,0,172,520,84,0,1,0,51,0,0,1,0,0,0,0,0,829
2024/2/20,22:00:00,786,0,148,508,77,0,1,0,51,0,0,1,0,0,0,0,0,786
2024/2/20,22:30:00,760,0,161,469,77,0,1,0,51,0,0,1,0,0,0,0,0,760
2024/2/20,23:00:00,734,0,177,432,72,0,1,0,51,0,0,1,0,0,0,0,0,734
2024/2/20,23:30:00,710,0,157,428,72,0,1,0,51,0,0,1,0,0,0,0,0,710
2024/2/21,0:00:00,679,0,152,408,66,0,1,0,51,0,0,1,0,0,0,0,0,679
2024/2/21,0:30:00,655,0,154,382,66,0,1,0,51,0,0,1,0,0,0,0,0,655
2024/2/21,1:00:00,640,0,152,372,63,0,1,0,51,0,0,1,0,0,0,0,0,640
2024/2/21,1:30:00,636,0,151,369,63,0,1,0,51,0,0,1,0,0,0,0,0,636
2024/2/21,2:00:00,640,0,153,373,61,0,1,0,51,0,0,1,0,0,0,0,0,640
2024/2/21,2:30:00,653,0,153,386,61,0,1,0,51,0,0,1,0,0,0,0,0,653
2024/2/21,3:00:00,671,0,152,404,62,0,1,0,51,0,0,1,0,0,0,0,0,671
2024/2/21,3:30:00,677,0,154,408,62,0,1,0,51,0,0,1,0,0,0,0,0,677
2024/2/21,4:00:00,685,0,155,412,64,0,1,0,51,0,0,2,0,0,0,0,0,685
2024/2/21,4:30:00,690,0,154,418,64,0,1,0,51,0,0,2,0,0,0,0,0,690
2024/2/21,5:00:00,691,0,153,419,65,0,1,0,51,0,0,2,0,0,0,0,0,691
2024/2/21,5:30:00,685,0,154,412,65,0,1,0,51,0,0,2,0,0,0,0,0,685
2024/2/21,6:00:00,698,0,155,420,68,0,1,0,51,0,0,3,0,0,0,0,0,698
2024/2/21,6:30:00,723,0,172,428,68,0,1,0,51,0,0,3,0,0,0,0,0,723
2024/2/21,7:00:00,753,0,192,430,74,0,1,0,51,2,0,3,0,0,0,0,0,753
2024/2/21,7:30:00,772,0,193,431,74,0,1,0,51,19,0,3,0,0,0,0,0,772
2024/2/21,8:00:00,823,0,187,449,82,0,1,0,51,50,0,3,0,0,0,0,0,823
2024/2/21,8:30:00,854,0,188,448,82,0,1,0,51,81,0,3,0,0,0,0,0,854
2024/2/21,9:00:00,898,0,193,447,81,0,1,0,51,122,0,3,0,0,0,0,0,898
2024/2/21,9:30:00,894,0,181,434,81,0,1,0,51,143,0,3,0,0,0,0,0,894
2024/2/21,10:00:00,922,0,188,413,85,0,1,0,51,181,0,3,0,0,0,0,0,922
2024/2/21,10:30:00,946,0,188,398,88,0,1,0,51,216,0,4,0,0,0,0,0,946
2024/2/21,11:00:00,958,0,156,416,91,0,1,0,51,239,0,4,0,0,0,0,0,958
2024/2/21,11:30:00,970,0,147,426,91,0,1,0,51,250,0,4,0,0,0,0,0,970
2024/2/21,12:00:00,974,0,144,411,94,0,1,0,51,269,0,4,0,0,0,0,0,974
2024/2/21,12:30:00,954,0,146,396,94,0,1,0,51,262,0,4,0,0,0,0,0,954
2024/2/21,13:00:00,980,0,140,420,94,0,1,0,51,270,0,4,0,0,0,0,0,980
2024/2/21,13:30:00,1004,0,140,435,94,0,1,0,51,279,0,4,0,0,0,0,0,1004
2024/2/21,14:00:00,1006,0,145,439,94,0,1,0,51,272,0,4,0,0,0,0,0,1006
2024/2/21,14:30:00,997,0,152,451,94,0,1,0,51,245,0,3,0,0,0,0,0,997
2024/2/21,15:00:00,990,0,165,451,94,0,1,0,51,225,0,3,0,0,0,0,0,990
2024/2/21,15:30:00,985,0,175,469,94,0,1,0,51,193,0,2,0,0,0,0,0,985
2024/2/21,16:00:00,971,0,172,495,96,0,1,0,51,154,0,2,0,0,0,0,0,971
2024/2/21,16:30:00,958,0,186,504,96,0,1,0,51,118,0,2,0,0,0,0,0,958
2024/2/21,17:00:00,936,0,182,535,93,0,1,0,51,73,0,1,0,0,0,0,0,936
2024/2/21,17:30:00,915,0,184,551,93,0,1,0,51,33,0,2,0,0,0,0,0,915
2024/2/21,18:00:00,913,0,192,567,92,0,1,0,51,8,0,2,0,0,0,0,0,913
2024/2/21,18:30:00,932,0,204,584,91,0,1,0,51,0,0,1,0,0,0,0,0,932
2024/2/21,19:00:00,936,0,215,574,94,0,1,0,51,0,0,1,0,0,0,0,0,936
2024/2/21,19:30:00,927,0,214,565,94,0,1,0,51,0,0,2,0,0,0,0,0,927
2024/2/21,20:00:00,903,0,215,544,90,0,1,0,51,0,0,2,0,0,0,0,0,903
2024/2/21,20:30:00,888,0,214,530,90,0,1,0,51,0,0,2,0,0,0,0,0,888
2024/2/21,21:00:00,858,0,201,517,86,0,1,0,51,0,0,2,0,0,0,0,0,858
2024/2/21,21:30:00,834,0,208,487,86,0,1,0,51,0,0,1,0,0,0,0,0,834
2024/2/21,22:00:00,791,0,204,456,78,0,1,0,51,0,0,1,0,0,0,0,0,791
2024/2/21,22:30:00,767,0,183,453,78,0,1,0,51,0,0,1,0,0,0,0,0,767
2024/2/21,23:00:00,741,0,164,451,73,0,1,0,51,0,0,1,0,0,0,0,0,741
2024/2/21,23:30:00,716,0,153,437,73,0,1,0,51,0,0,1,0,0,0,0,0,716
2024/2/22,0:00:00,689,0,152,418,67,0,1,0,51,0,0,0,0,0,0,0,0,689
2024/2/22,0:30:00,664,0,155,389,67,0,1,0,51,0,0,1,0,0,0,0,0,664
2024/2/22,1:00:00,649,0,154,378,64,0,1,0,51,0,0,1,0,0,0,0,0,649
2024/2/22,1:30:00,647,0,154,376,64,0,1,0,51,0,0,1,0,0,0,0,0,647
2024/2/22,2:00:00,643,0,155,372,64,0,1,0,51,0,0,0,0,0,0,0,0,643
2024/2/22,2:30:00,661,0,155,389,64,0,1,0,51,0,0,1,0,0,0,0,0,661
2024/2/22,3:00:00,676,0,153,407,63,0,1,0,51,0,0,1,0,0,0,0,0,676
2024/2/22,3:30:00,683,0,153,414,63,0,1,0,51,0,0,1,0,0,0,0,0,683
2024/2/22,4:00:00,688,0,152,405,78,0,1,0,51,0,0,1,0,0,0,0,0,688
2024/2/22,4:30:00,692,0,166,382,91,0,1,0,51,0,0,1,0,0,0,0,0,692
2024/2/22,5:00:00,692,0,160,360,118,0,1,0,51,0,0,2,0,0,0,0,0,692
2024/2/22,5:30:00,691,0,152,362,123,0,1,0,51,0,0,2,0,0,0,0,0,691
2024/2/22,6:00:00,703,0,186,337,126,0,1,0,51,0,0,2,0,0,0,0,0,703
2024/2/22,6:30:00,724,0,186,358,126,0,1,0,51,0,0,2,0,0,0,0,0,724
2024/2/22,7:00:00,758,0,189,382,131,0,1,0,51,2,0,2,0,0,0,0,0,758
2024/2/22,7:30:00,786,0,184,397,131,0,1,0,51,20,0,2,0,0,0,0,0,786
2024/2/22,8:00:00,840,0,170,423,137,0,1,0,51,56,0,2,0,0,0,0,0,840
2024/2/22,8:30:00,894,0,179,440,123,0,1,0,51,98,0,2,0,0,0,0,0,894
2024/2/22,9:00:00,929,0,165,452,125,0,1,0,51,133,0,2,0,0,0,0,0,929
2024/2/22,9:30:00,943,0,168,442,125,0,1,0,51,153,0,3,0,0,0,0,0,943
2024/2/22,10:00:00,933,0,152,438,124,0,1,0,51,163,0,4,0,0,0,0,0,933
2024/2/22,10:30:00,972,0,144,429,124,0,1,0,51,219,0,4,0,0,0,0,0,972
2024/2/22,11:00:00,981,0,146,421,125,0,1,0,51,233,0,4,0,0,0,0,0,981
2024/2/22,11:30:00,989,0,156,398,125,0,1,0,51,253,0,5,0,0,0,0,0,989
2024/2/22,12:00:00,964,0,188,354,124,0,1,0,51,242,0,4,0,0,0,0,0,964
2024/2/22,12:30:00,973,0,191,344,124,0,1,0,51,258,0,4,0,0,0,0,0,973
2024/2/22,13:00:00,1016,0,193,356,127,0,1,0,51,284,0,4,0,0,0,0,0,1016
2024/2/22,13:30:00,1018,0,187,364,127,0,1,0,51,284,0,4,0,0,0,0,0,1018
2024/2/22,14:00:00,1013,0,155,405,125,0,1,0,51,273,0,3,0,0,0,0,0,1013
2024/2/22,14:30:00,1011,0,154,434,126,0,1,0,51,242,0,3,0,0,0,0,0,1011
2024/2/22,15:00:00,975,0,152,450,122,0,1,0,51,196,0,3,0,0,0,0,0,975
2024/2/22,15:30:00,960,0,160,473,122,0,1,0,51,151,0,2,0,0,0,0,0,960
2024/2/22,16:00:00,969,0,172,477,123,0,1,0,51,143,0,2,0,0,0,0,0,969
2024/2/22,16:30:00,963,0,164,510,123,0,1,0,51,112,0,2,0,0,0,0,0,963
2024/2/22,17:00:00,947,0,177,520,126,0,1,0,51,71,0,1,0,0,0,0,0,947
2024/2/22,17:30:00,927,0,173,525,142,0,1,0,51,34,0,1,0,0,0,0,0,927
2024/2/22,18:00:00,929,0,186,536,147,0,1,0,51,7,0,1,0,0,0,0,0,929
2024/2/22,18:30:00,937,0,198,539,147,0,1,0,51,0,0,1,0,0,0,0,0,937
2024/2/22,19:00:00,942,0,206,537,147,0,1,0,51,0,0,0,0,0,0,0,0,942
2024/2/22,19:30:00,931,0,219,522,137,0,1,0,51,0,0,1,0,0,0,0,0,931
2024/2/22,20:00:00,907,0,217,511,126,0,1,0,51,0,0,1,0,0,0,0,0,907
2024/2/22,20:30:00,893,0,228,485,127,0,1,0,51,0,0,1,0,0,0,0,0,893
2024/2/22,21:00:00,864,0,206,482,123,0,1,0,51,0,0,1,0,0,0,0,0,864
2024/2/22,21:30:00,846,0,195,475,123,0,1,0,51,0,0,1,0,0,0,0,0,846
2024/2/22,22:00:00,819,0,205,446,115,0,1,0,51,0,0,1,0,0,0,0,0,819
2024/2/22,22:30:00,797,0,196,433,115,0,1,0,51,0,0,1,0,0,0,0,0,797
2024/2/22,23:00:00,760,0,177,421,109,0,1,0,51,0,0,1,0,0,0,0,0,760
2024/2/22,23:30:00,761,0,182,417,109,0,1,0,51,0,0,1,0,0,0,0,0,761
2024/2/23,0:00:00,733,0,167,434,79,0,1,0,51,0,0,1,0,0,0,0,0,733
2024/2/23,0:30:00,695,0,153,422,68,0,1,0,51,0,0,0,0,0,0,0,0,695
2024/2/23,1:00:00,693,0,155,421,65,0,1,0,51,0,0,0,0,0,0,0,0,693
2024/2/23,1:30:00,673,0,156,400,65,0,1,0,51,0,0,0,0,0,0,0,0,673
2024/2/23,2:00:00,689,0,156,417,64,0,1,0,51,0,0,0,0,0,0,0,0,689
2024/2/23,2:30:00,695,0,159,420,64,0,1,0,51,0,0,0,0,0,0,0,0,695
2024/2/23,3:00:00,716,0,165,436,63,0,1,0,51,0,0,0,0,0,0,0,0,716
2024/2/23,3:30:00,714,0,155,443,63,0,1,0,51,0,0,1,0,0,0,0,0,714
2024/2/23,4:00:00,729,0,159,454,63,0,1,0,51,0,0,1,0,0,0,0,0,729
2024/2/23,4:30:00,714,0,164,433,63,0,1,0,51,0,0,2,0,0,0,0,0,714
2024/2/23,5:00:00,731,0,175,438,64,0,1,0,51,0,0,2,0,0,0,0,0,731
2024/2/23,5:30:00,711,0,163,430,64,0,1,0,51,0,0,2,0,0,0,0,0,711
2024/2/23,6:00:00,713,0,160,433,65,0,1,0,51,0,0,3,0,0,0,0,0,713
2024/2/23,6:30:00,712,0,164,428,65,0,1,0,51,0,0,3,0,0,0,0,0,712
2024/2/23,7:00:00,742,0,160,457,69,0,1,0,51,1,0,3,0,0,0,0,0,742
2024/2/23,7:30:00,749,0,156,458,69,0,1,0,51,12,0,2,0,0,0,0,0,749
2024/2/23,8:00:00,799,0,163,474,75,0,1,0,51,32,0,3,0,0,0,0,0,799
2024/2/23,8:30:00,812,0,173,464,75,0,1,0,51,44,0,4,0,0,0,0,0,812
2024/2/23,9:00:00,847,0,169,463,78,0,1,0,51,83,0,2,0,0,0,0,0,847
2024/2/23,9:30:00,847,0,170,442,78,0,1,0,51,103,0,2,0,0,0,0,0,847
2024/2/23,10:00:00,906,0,158,408,82,0,1,0,51,206,0,0,0,0,0,0,0,906
2024/2/23,10:30:00,919,0,177,372,82,0,1,0,51,236,0,0,0,0,0,0,0,919
2024/2/23,11:00:00,926,0,181,384,80,0,1,0,51,229,0,0,0,0,0,0,0,926
2024/2/23,11:30:00,943,0,189,389,80,0,1,0,51,232,0,1,0,0,0,0,0,943
2024/2/23,12:00:00,923,0,187,411,75,0,1,0,51,197,0,1,0,0,0,0,0,923
2024/2/23,12:30:00,887,0,181,442,75,0,1,0,51,136,0,1,0,0,0,0,0,887
2024/2/23,13:00:00,890,0,164,456,79,0,1,0,51,137,0,2,0,0,0,0,0,890
2024/2/23,13:30:00,884,0,184,478,79,0,1,0,51,89,0,2,0,0,0,0,0,884
2024/2/23,14:00:00,851,0,168,481,73,0,1,0,51,74,0,3,0,0,0,0,0,851
2024/2/23,14:30:00,864,0,174,512,73,0,1,0,51,50,0,3,0,0,0,0,0,864
2024/2/23,15:00:00,828,0,160,500,68,0,1,0,51,46,0,2,0,0,0,0,0,828
2024/2/23,15:30:00,839,0,162,492,68,0,1,0,51,63,0,2,0,0,0,0,0,839
2024/2/23,16:00:00,871,0,159,496,71,0,1,0,51,91,0,2,0,0,0,0,0,871
2024/2/23,16:30:00,857,0,163,532,71,0,1,0,51,37,0,2,0,0,0,0,0,857
2024/2/23,17:00:00,850,0,160,540,74,0,1,0,51,22,0,2,0,0,0,0,0,850
2024/2/23,17:30:00,865,0,188,535,74,0,1,0,51,14,0,2,0,0,0,0,0,865
2024/2/23,18:00:00,877,0,202,537,79,0,1,0,51,5,0,2,0,0,0,0,0,877
2024/2/23,18:30:00,902,0,214,555,79,0,1,0,51,0,0,2,0,0,0,0,0,902
2024/2/23,19:00:00,889,0,203,550,81,0,1,0,51,0,0,3,0,0,0,0,0,889
2024/2/23,19:30:00,887,0,205,546,81,0,1,0,51,0,0,3,0,0,0,0,0,887
2024/2/23,20:00:00,868,0,187,548,79,0,1,0,51,0,0,2,0,0,0,0,0,868
2024/2/23,20:30:00,855,0,197,525,79,0,1,0,51,0,0,2,0,0,0,0,0,855
2024/2/23,21:00:00,821,0,202,488,77,0,1,0,51,0,0,2,0,0,0,0,0,821
2024/2/23,21:30:00,812,0,202,479,77,0,1,0,51,0,0,2,0,0,0,0,0,812
2024/2/23,22:00:00,753,0,156,473,71,0,1,0,51,0,0,1,0,0,0,0,0,753
2024/2/23,22:30:00,743,0,173,446,71,0,1,0,51,0,0,1,0,0,0,0,0,743
2024/2/23,23:00:00,721,0,167,435,66,0,1,0,51,0,0,1,0,0,0,0,0,721
2024/2/23,23:30:00,712,0,163,430,66,0,1,0,51,0,0,1,0,0,0,0,0,712
2024/2/24,0:00:00,675,0,152,409,61,0,1,0,51,0,0,1,0,0,0,0,0,675
2024/2/24,0:30:00,669,0,167,388,61,0,1,0,51,0,0,1,0,0,0,0,0,669
2024/2/24,1:00:00,641,0,156,374,59,0,1,0,51,0,0,0,0,0,0,0,0,641
2024/2/24,1:30:00,642,0,157,374,59,0,1,0,51,0,0,0,0,0,0,0,0,642
2024/2/24,2:00:00,639,0,152,378,57,0,1,0,51,0,0,0,0,0,0,0,0,639
2024/2/24,2:30:00,665,0,160,396,57,0,1,0,51,0,0,0,0,0,0,0,0,665
2024/2/24,3:00:00,676,0,155,411,58,0,1,0,51,0,0,0,0,0,0,0,0,676
2024/2/24,3:30:00,693,0,154,429,58,0,1,0,51,0,0,0,0,0,0,0,0,693
2024/2/24,4:00:00,693,0,160,420,61,0,1,0,51,0,0,0,0,0,0,0,0,693
2024/2/24,4:30:00,700,0,160,427,61,0,1,0,51,0,0,0,0,0,0,0,0,700
2024/2/24,5:00:00,684,0,158,411,62,0,1,0,51,0,0,1,0,0,0,0,0,684
2024/2/24,5:30:00,688,0,156,418,62,0,1,0,51,0,0,0,0,0,0,0,0,688
2024/2/24,6:00:00,672,0,153,404,63,0,1,0,51,0,0,0,0,0,0,0,0,672
2024/2/24,6:30:00,695,0,159,420,63,0,1,0,51,0,0,1,0,0,0,0,0,695
2024/2/24,7:00:00,711,0,159,431,67,0,1,0,51,1,0,1,0,0,0,0,0,711
2024/2/24,7:30:00,727,0,169,431,67,0,1,0,51,8,0,0,0,0,0,0,0,727
2024/2/24,8:00:00,759,0,165,435,71,0,1,0,51,36,0,0,0,0,0,0,0,759
2024/2/24,8:30:00,791,0,189,439,74,0,1,0,51,36,0,1,0,0,0,0,0,791
2024/2/24,9:00:00,821,0,150,442,81,0,1,0,51,95,0,1,0,0,0,0,0,821
2024/2/24,9:30:00,834,0,165,443,81,0,1,0,51,92,0,1,0,0,0,0,0,834
2024/2/24,10:00:00,815,0,186,454,70,0,1,0,51,52,0,1,0,0,0,0,0,815
2024/2/24,10:30:00,810,0,165,445,70,0,1,0,51,77,0,1,0,0,0,0,0,810
2024/2/24,11:00:00,835,0,186,445,67,0,1,0,51,83,0,2,0,0,0,0,0,835
2024/2/24,11:30:00,820,0,169,446,67,0,1,0,51,84,0,2,0,0,0,0,0,820
2024/2/24,12:00:00,820,0,164,419,69,0,1,0,51,115,0,1,0,0,0,0,0,820
2024/2/24,12:30:00,812,0,150,400,69,0,1,0,51,140,0,1,0,0,0,0,0,812
2024/2/24,13:00:00,824,0,175,372,74,0,1,0,51,150,0,1,0,0,0,0,0,824
2024/2/24,13:30:00,805,0,165,362,74,0,1,0,51,151,0,1,0,0,0,0,0,805
2024/2/24,14:00:00,862,0,170,362,78,0,1,0,51,199,0,1,0,0,0,0,0,862
2024/2/24,14:30:00,829,0,169,367,78,0,1,0,51,162,0,1,0,0,0,0,0,829
2024/2/24,15:00:00,825,0,179,422,72,0,1,0,51,98,0,2,0,0,0,0,0,825
2024/2/24,15:30:00,825,0,173,454,72,0,1,0,51,72,0,2,0,0,0,0,0,825
2024/2/24,16:00:00,837,0,181,476,81,0,1,0,51,45,0,2,0,0,0,0,0,837
2024/2/24,16:30:00,825,0,158,499,81,0,1,0,51,33,0,2,0,0,0,0,0,825
2024/2/24,17:00:00,847,0,163,534,77,0,1,0,51,18,0,3,0,0,0,0,0,847
2024/2/24,17:30:00,844,0,159,549,74,0,1,0,51,7,0,3,0,0,0,0,0,844
2024/2/24,18:00:00,882,0,161,582,80,0,1,0,51,4,0,3,0,0,0,0,0,882
2024/2/24,18:30:00,878,0,165,579,80,0,1,0,51,0,0,2,0,0,0,0,0,878
2024/2/24,19:00:00,890,0,188,567,81,0,1,0,51,0,0,2,0,0,0,0,0,890
2024/2/24,19:30:00,871,0,186,550,81,0,1,0,51,0,0,2,0,0,0,0,0,871
2024/2/24,20:00:00,865,0,183,551,78,0,1,0,51,0,0,1,0,0,0,0,0,865
2024/2/24,20:30:00,840,0,184,524,78,0,1,0,51,0,0,2,0,0,0,0,0,840
2024/2/24,21:00:00,833,0,201,501,76,0,1,0,51,0,0,3,0,0,0,0,0,833
2024/2/24,21:30:00,811,0,192,489,76,0,1,0,51,0,0,2,0,0,0,0,0,811
2024/2/24,22:00:00,780,0,179,477,70,0,1,0,51,0,0,2,0,0,0,0,0,780
2024/2/24,22:30:00,754,0,183,447,70,0,1,0,51,0,0,2,0,0,0,0,0,754
2024/2/24,23:00:00,736,0,189,427,66,0,1,0,51,0,0,2,0,0,0,0,0,736
2024/2/24,23:30:00,720,0,174,424,66,0,1,0,51,0,0,4,0,0,0,0,0,720
2024/2/25,0:00:00,689,0,156,415,62,0,1,0,51,0,0,4,0,0,0,0,0,689
2024/2/25,0:30:00,673,0,161,393,62,0,1,0,51,0,0,5,0,0,0,0,0,673
2024/2/25,1:00:00,658,0,152,391,59,0,1,0,51,0,0,4,0,0,0,0,0,658
2024/2/25,1:30:00,653,0,154,385,59,0,1,0,51,0,0,3,0,0,0,0,0,653
2024/2/25,2:00:00,651,0,154,383,58,0,1,0,51,0,0,4,0,0,0,0,0,651
2024/2/25,2:30:00,668,0,160,393,58,0,1,0,51,0,0,5,0,0,0,0,0,668
2024/2/25,3:00:00,679,0,152,412,58,0,1,0,51,0,0,5,0,0,0,0,0,679
2024/2/25,3:30:00,694,0,154,425,58,0,1,0,51,0,0,5,0,0,0,0,0,694
2024/2/25,4:00:00,691,0,153,422,59,0,1,0,51,0,0,5,0,0,0,0,0,691
2024/2/25,4:30:00,698,0,158,424,59,0,1,0,51,0,0,5,0,0,0,0,0,698
2024/2/25,5:00:00,690,0,161,413,59,0,1,0,51,0,0,5,0,0,0,0,0,690
2024/2/25,5:30:00,676,0,156,404,59,0,1,0,51,0,0,5,0,0,0,0,0,676
2024/2/25,6:00:00,650,0,154,379,60,0,1,0,51,0,0,5,0,0,0,0,0,650
2024/2/25,6:30:00,662,0,158,386,60,0,1,0,51,0,0,6,0,0,0,0,0,662
2024/2/25,7:00:00,671,0,157,391,64,0,1,0,51,1,0,6,0,0,0,0,0,671
2024/2/25,7:30:00,703,0,164,416,64,0,1,0,51,5,0,2,0,0,0,0,0,703
2024/2/25,8:00:00,710,0,162,419,67,0,1,0,51,10,0,0,0,0,0,0,0,710
2024/2/25,8:30:00,745,0,182,422,69,0,1,0,51,20,0,0,0,0,0,0,0,745
2024/2/25,9:00:00,756,0,187,427,74,0,1,0,51,16,1,0,12,0,0,0,0,756
2024/2/25,9:30:00,765,0,174,445,74,0,1,0,51,20,2,0,12,0,0,0,0,765
2024/2/25,10:00:00,768,0,162,459,75,0,1,0,51,20,2,0,13,0,0,0,0,768
2024/2/25,10:30:00,768,0,166,451,75,0,1,0,51,24,2,0,13,0,0,0,0,768
2024/2/25,11:00:00,767,0,175,451,70,0,1,0,51,19,2,0,12,0,0,0,0,767
2024/2/25,11:30:00,770,0,176,450,70,0,1,0,51,22,2,0,12,0,0,0,0,770
2024/2/25,12:00:00,765,0,174,449,69,0,1,0,51,21,2,0,13,0,0,0,0,765
2024/2/25,12:30:00,765,0,173,449,69,0,1,0,51,22,2,0,13,0,0,0,0,765
2024/2/25,13:00:00,765,0,169,451,71,0,1,0,51,22,2,0,13,0,0,0,0,765
2024/2/25,13:30:00,768,0,169,453,71,0,1,0,51,23,2,0,11,0,0,0,0,768
2024/2/25,14:00:00,766,0,171,451,72,0,1,0,51,20,2,0,12,0,0,0,0,766
2024/2/25,14:30:00,759,0,170,446,72,0,1,0,51,19,2,0,11,0,0,0,0,759
2024/2/25,15:00:00,768,0,172,451,72,0,1,0,51,21,2,0,13,0,0,0,0,768
2024/2/25,15:30:00,776,0,181,452,72,0,1,0,51,19,2,0,13,0,0,0,0,776
2024/2/25,16:00:00,787,0,194,449,74,0,1,0,51,18,1,0,13,0,0,0,0,787
2024/2/25,16:30:00,796,0,187,469,74,0,1,0,51,14,1,0,13,0,0,0,0,796
2024/2/25,17:00:00,818,0,193,481,77,0,1,0,51,12,0,3,0,0,0,0,0,818
2024/2/25,17:30:00,831,0,176,513,77,0,1,0,51,6,0,7,0,0,0,0,0,831
2024/2/25,18:00:00,850,0,192,516,82,0,1,0,51,2,0,6,0,0,0,0,0,850
2024/2/25,18:30:00,859,0,205,514,82,0,1,0,51,0,0,6,0,0,0,0,0,859
2024/2/25,19:00:00,859,0,210,510,82,0,1,0,51,0,0,5,0,0,0,0,0,859
2024/2/25,19:30:00,857,0,223,495,82,0,1,0,51,0,0,5,0,0,0,0,0,857
2024/2/25,20:00:00,840,0,220,483,80,0,1,0,51,0,0,5,0,0,0,0,0,840
2024/2/25,20:30:00,827,0,213,479,77,0,1,0,51,0,0,6,0,0,0,0,0,827
2024/2/25,21:00:00,804,0,200,472,74,0,1,0,51,0,0,6,0,0,0,0,0,804
2024/2/25,21:30:00,790,0,206,453,74,0,1,0,51,0,0,5,0,0,0,0,0,790
2024/2/25,22:00:00,772,0,195,452,68,0,1,0,51,0,0,5,0,0,0,0,0,772
2024/2/25,22:30:00,755,0,189,441,68,0,1,0,51,0,0,5,0,0,0,0,0,755
2024/2/25,23:00:00,716,0,163,432,64,0,1,0,51,0,0,5,0,0,0,0,0,716
2024/2/25,23:30:00,711,0,167,424,64,0,1,0,51,0,0,4,0,0,0,0,0,711
2024/2/26,0:00:00,682,0,156,412,59,0,1,0,51,0,0,3,0,0,0,0,0,682
2024/2/26,0:30:00,656,0,157,385,59,0,1,0,51,0,0,3,0,0,0,0,0,656
2024/2/26,1:00:00,658,0,158,388,56,0,1,0,51,0,0,4,0,0,0,0,0,658
2024/2/26,1:30:00,626,0,155,360,56,0,1,0,51,0,0,3,0,0,0,0,0,626
2024/2/26,2:00:00,661,0,158,392,56,0,1,0,51,0,0,3,0,0,0,0,0,661
2024/2/26,2:30:00,671,0,155,404,56,0,1,0,51,0,0,4,0,0,0,0,0,671
2024/2/26,3:00:00,687,0,164,410,57,0,1,0,51,0,0,4,0,0,0,0,0,687
2024/2/26,3:30:00,709,0,160,437,57,0,1,0,51,0,0,3,0,0,0,0,0,709
2024/2/26,4:00:00,711,0,160,436,60,0,1,0,51,0,0,3,0,0,0,0,0,711
2024/2/26,4:30:00,721,0,165,441,60,0,1,0,51,0,0,3,0,0,0,0,0,721
2024/2/26,5:00:00,709,0,158,434,62,0,1,0,51,0,0,3,0,0,0,0,0,709
2024/2/26,5:30:00,720,0,164,440,62,0,1,0,51,0,0,2,0,0,0,0,0,720
2024/2/26,6:00:00,722,0,158,446,64,0,1,0,51,0,0,2,0,0,0,0,0,722
2024/2/26,6:30:00,750,0,169,462,64,0,1,0,51,0,0,3,0,0,0,0,0,750
2024/2/26,7:00:00,789,0,187,475,72,0,1,0,51,1,0,2,0,0,0,0,0,789
2024/2/26,7:30:00,780,0,178,471,72,0,1,0,51,5,0,2,0,0,0,0,0,780
2024/2/26,8:00:00,814,0,183,479,79,0,1,0,51,18,0,3,0,0,0,0,0,814
2024/2/26,8:30:00,829,0,183,477,84,0,1,0,51,29,0,4,0,0,0,0,0,829
2024/2/26,9:00:00,849,0,180,481,92,0,1,0,51,40,0,4,0,0,0,0,0,849
2024/2/26,9:30:00,865,0,202,485,89,0,1,0,51,32,0,5,0,0,0,0,0,865
2024/2/26,10:00:00,856,0,178,477,98,0,1,0,51,46,0,5,0,0,0,0,0,856
2024/2/26,10:30:00,859,0,157,463,99,0,1,0,51,86,0,2,0,0,0,0,0,859
2024/2/26,11:00:00,870,0,171,462,89,0,1,0,50,95,0,2,0,0,0,0,0,870
2024/2/26,11:30:00,842,0,182,467,88,0,1,0,44,58,0,2,0,0,0,0,0,842
2024/2/26,12:00:00,828,0,173,450,86,0,1,0,38,79,0,1,0,0,0,0,0,828
2024/2/26,12:30:00,831,0,161,450,86,0,1,0,30,100,0,3,0,0,0,0,0,831
2024/2/26,13:00:00,824,0,182,473,88,0,1,0,28,50,0,2,0,0,0,0,0,824
2024/2/26,13:30:00,856,0,167,462,88,0,1,0,28,109,0,1,0,0,0,0,0,856
2024/2/26,14:00:00,855,0,196,476,84,0,1,0,28,68,0,2,0,0,0,0,0,855
2024/2/26,14:30:00,843,0,187,477,84,0,1,0,28,65,0,1,0,0,0,0,0,843
2024/2/26,15:00:00,853,0,176,480,83,0,1,0,28,83,0,2,0,0,0,0,0,853
2024/2/26,15:30:00,845,0,184,495,83,0,1,0,31,49,0,2,0,0,0,0,0,845
2024/2/26,16:00:00,847,0,187,506,84,0,1,0,39,28,0,2,0,0,0,0,0,847
2024/2/26,16:30:00,844,0,167,520,84,0,1,0,45,26,0,1,0,0,0,0,0,844
2024/2/26,17:00:00,829,0,154,519,84,0,1,0,50,20,0,1,0,0,0,0,0,829
2024/2/26,17:30:00,845,0,164,530,84,0,1,0,51,14,0,1,0,0,0,0,0,845
2024/2/26,18:00:00,869,0,172,553,88,0,1,0,51,3,0,1,0,0,0,0,0,869
2024/2/26,18:30:00,883,0,162,579,88,0,1,0,51,0,0,2,0,0,0,0,0,883
2024/2/26,19:00:00,883,0,155,586,89,0,1,0,51,0,0,1,0,0,0,0,0,883
2024/2/26,19:30:00,873,0,159,571,89,0,1,0,51,0,0,2,0,0,0,0,0,873
2024/2/26,20:00:00,861,0,172,546,88,0,1,0,51,0,0,3,0,0,0,0,0,861
2024/2/26,20:30:00,854,0,201,511,88,0,1,0,51,0,0,2,0,0,0,0,0,854
2024/2/26,21:00:00,831,0,212,474,90,0,1,0,51,0,0,3,0,0,0,0,0,831
2024/2/26,21:30:00,802,0,193,465,90,0,1,0,51,0,0,2,0,0,0,0,0,802
2024/2/26,22:00:00,758,0,183,440,82,0,1,0,51,0,0,1,0,0,0,0,0,758
2024/2/26,22:30:00,733,0,151,446,82,0,1,0,51,0,0,2,0,0,0,0,0,733
2024/2/26,23:00:00,706,0,155,420,77,0,1,0,51,0,0,2,0,0,0,0,0,706
2024/2/26,23:30:00,681,0,154,400,74,0,1,0,51,0,0,1,0,0,0,0,0,681
2024/2/27,0:00:00,661,0,151,390,67,0,1,0,51,0,0,1,0,0,0,0,0,661
2024/2/27,0:30:00,635,0,154,360,67,0,1,0,51,0,0,2,0,0,0,0,0,635
2024/2/27,1:00:00,623,0,154,352,64,0,1,0,51,0,0,1,0,0,0,0,0,623
2024/2/27,1:30:00,619,0,154,348,64,0,1,0,51,0,0,1,0,0,0,0,0,619
2024/2/27,2:00:00,628,0,154,358,63,0,1,0,51,0,0,1,0,0,0,0,0,628
2024/2/27,2:30:00,645,0,154,374,63,0,1,0,51,0,0,2,0,0,0,0,0,645
2024/2/27,3:00:00,665,0,153,394,64,0,1,0,51,0,0,2,0,0,0,0,0,665
2024/2/27,3:30:00,677,0,155,405,64,0,1,0,51,0,0,1,0,0,0,0,0,677
2024/2/27,4:00:00,683,0,157,407,65,0,1,0,51,0,0,2,0,0,0,0,0,683
2024/2/27,4:30:00,687,0,154,415,65,0,1,0,51,0,0,1,0,0,0,0,0,687
2024/2/27,5:00:00,692,0,152,421,66,0,1,0,51,0,0,1,0,0,0,0,0,692
2024/2/27,5:30:00,685,0,153,413,66,0,1,0,51,0,0,1,0,0,0,0,0,685
2024/2/27,6:00:00,694,0,156,415,70,0,1,0,51,0,0,1,0,0,0,0,0,694
2024/2/27,6:30:00,723,0,156,444,70,0,1,0,51,0,0,1,0,0,0,0,0,723
2024/2/27,7:00:00,748,0,152,464,77,0,1,0,51,2,0,1,0,0,0,0,0,748
2024/2/27,7:30:00,766,0,153,469,77,0,1,0,51,13,0,2,0,0,0,0,0,766
2024/2/27,8:00:00,792,0,157,478,81,0,1,0,51,23,0,1,0,0,0,0,0,792
2024/2/27,8:30:00,821,0,158,510,81,0,1,0,44,26,0,1,0,0,0,0,0,821
2024/2/27,9:00:00,837,0,158,511,83,0,1,0,38,45,2,1,1,0,0,0,0,837
2024/2/27,9:30:00,843,0,151,501,83,0,1,0,30,76,5,1,1,0,0,0,0,843
2024/2/27,10:00:00,842,0,151,495,84,0,1,0,28,82,5,1,0,0,0,0,0,842
2024/2/27,10:30:00,848,0,151,483,84,0,1,0,28,100,6,1,1,0,0,0,0,848
2024/2/27,11:00:00,859,0,156,469,86,0,1,0,32,114,7,1,0,0,0,0,0,859
2024/2/27,11:30:00,836,0,165,458,86,0,1,0,38,87,5,1,0,0,0,0,0,836
2024/2/27,12:00:00,807,0,154,430,79,0,1,0,46,97,6,0,0,0,0,0,0,807
2024/2/27,12:30:00,819,0,151,429,79,0,1,0,49,110,7,0,0,0,0,0,0,819
2024/2/27,13:00:00,819,0,146,438,73,0,1,0,51,110,7,0,0,0,0,0,0,819
2024/2/27,13:30:00,853,0,151,444,73,0,1,0,51,133,8,0,0,0,0,0,0,853
2024/2/27,14:00:00,790,0,143,454,63,0,1,0,51,78,5,0,0,0,0,0,0,790
2024/2/27,14:30:00,793,0,146,454,63,0,1,0,51,78,5,0,0,0,0,0,0,793
2024/2/27,15:00:00,825,0,145,493,68,0,1,0,51,67,4,0,0,0,0,0,0,825
2024/2/27,15:30:00,816,0,141,517,68,0,1,0,51,38,2,0,0,0,0,0,0,816
2024/2/27,16:00:00,825,0,145,527,72,0,1,0,51,29,1,0,0,0,0,0,0,825
2024/2/27,16:30:00,831,0,143,545,72,0,1,0,51,18,1,1,0,0,0,0,0,831
2024/2/27,17:00:00,838,0,151,546,76,0,1,0,51,12,0,1,0,0,0,0,0,838
2024/2/27,17:30:00,844,0,167,542,74,0,1,0,51,8,0,1,0,0,0,0,0,844
2024/2/27,18:00:00,868,0,169,564,80,0,1,0,51,2,0,1,0,0,0,0,0,868
2024/2/27,18:30:00,884,0,189,562,80,0,1,0,51,0,0,1,0,0,0,0,0,884
2024/2/27,19:00:00,884,0,194,556,81,0,1,0,51,0,0,1,0,0,0,0,0,884
2024/2/27,19:30:00,876,0,227,514,81,0,1,0,51,0,0,2,0,0,0,0,0,876
2024/2/27,20:00:00,863,0,211,519,79,0,1,0,51,0,0,2,0,0,0,0,0,863
2024/2/27,20:30:00,847,0,206,508,79,0,1,0,51,0,0,2,0,0,0,0,0,847
2024/2/27,21:00:00,823,0,189,503,77,0,1,0,51,0,0,2,0,0,0,0,0,823
2024/2/27,21:30:00,799,0,177,492,77,0,1,0,51,0,0,1,0,0,0,0,0,799
2024/2/27,22:00:00,763,0,160,478,72,0,1,0,51,0,0,1,0,0,0,0,0,763
2024/2/27,22:30:00,735,0,154,456,72,0,1,0,51,0,0,1,0,0,0,0,0,735
2024/2/27,23:00:00,717,0,155,443,66,0,1,0,51,0,0,1,0,0,0,0,0,717
2024/2/27,23:30:00,691,0,152,418,68,0,1,0,51,0,0,1,0,0,0,0,0,691
2024/2/28,0:00:00,668,0,154,395,66,0,1,0,51,0,0,1,0,0,0,0,0,668
2024/2/28,0:30:00,648,0,156,373,66,0,1,0,51,0,0,1,0,0,0,0,0,648
2024/2/28,1:00:00,635,0,153,365,64,0,1,0,51,0,0,1,0,0,0,0,0,635
2024/2/28,1:30:00,634,0,154,363,64,0,1,0,51,0,0,1,0,0,0,0,0,634
2024/2/28,2:00:00,637,0,157,364,63,0,1,0,51,0,0,1,0,0,0,0,0,637
2024/2/28,2:30:00,654,0,155,383,63,0,1,0,51,0,0,1,0,0,0,0,0,654
2024/2/28,3:00:00,672,0,155,400,64,0,1,0,51,0,0,1,0,0,0,0,0,672
2024/2/28,3:30:00,685,0,151,417,64,0,1,0,51,0,0,1,0,0,0,0,0,685
2024/2/28,4:00:00,689,0,156,414,66,0,1,0,51,0,0,1,0,0,0,0,0,689
2024/2/28,4:30:00,694,0,154,420,66,0,1,0,51,0,0,2,0,0,0,0,0,694
2024/2/28,5:00:00,699,0,153,424,68,0,1,0,51,0,0,2,0,0,0,0,0,699
2024/2/28,5:30:00,688,0,153,413,68,0,1,0,51,0,0,2,0,0,0,0,0,688
2024/2/28,6:00:00,701,0,152,424,71,0,1,0,51,0,0,2,0,0,0,0,0,701
2024/2/28,6:30:00,721,0,153,442,71,0,1,0,51,0,0,3,0,0,0,0,0,721
2024/2/28,7:00:00,750,0,159,458,75,0,1,0,51,3,0,3,0,0,0,0,0,750
2024/2/28,7:30:00,765,0,158,457,75,0,1,0,51,20,0,3,0,0,0,0,0,765
2024/2/28,8:00:00,797,0,160,457,76,0,1,0,51,49,0,3,0,0,0,0,0,797
2024/2/28,8:30:00,831,0,169,446,76,0,1,0,51,86,0,2,0,0,0,0,0,831
2024/2/28,9:00:00,854,0,162,439,78,0,1,0,51,120,2,3,1,0,0,0,0,854
2024/2/28,9:30:00,890,0,177,429,78,0,1,0,50,153,3,2,2,0,0,0,0,890
2024/2/28,10:00:00,859,0,153,405,81,0,1,0,44,173,3,2,2,0,0,0,0,859
2024/2/28,10:30:00,883,0,159,384,81,0,1,0,38,217,4,3,2,0,0,0,0,883
2024/2/28,11:00:00,865,0,157,373,77,0,1,0,31,223,5,3,2,0,0,0,0,865
2024/2/28,11:30:00,872,0,169,349,77,0,1,0,28,244,5,4,2,0,0,0,0,872
2024/2/28,12:00:00,841,0,168,353,72,0,1,0,28,217,4,2,1,0,0,0,0,841
2024/2/28,12:30:00,826,0,159,348,72,0,1,0,28,214,4,4,1,0,0,0,0,826
2024/2/28,13:00:00,839,0,161,375,71,0,1,0,28,201,4,2,1,0,0,0,0,839
2024/2/28,13:30:00,861,0,172,385,71,0,1,0,28,200,4,4,2,0,0,0,0,861
2024/2/28,14:00:00,838,0,155,402,64,0,1,0,28,183,4,5,2,0,0,0,0,838
2024/2/28,14:30:00,853,0,159,421,64,0,1,0,28,176,3,4,2,0,0,0,0,853
2024/2/28,15:00:00,823,0,181,430,62,0,1,0,31,114,2,4,1,0,0,0,0,823
2024/2/28,15:30:00,830,0,172,475,62,0,1,0,38,77,1,5,1,0,0,0,0,830
2024/2/28,16:00:00,832,0,141,510,68,0,1,0,46,61,1,5,1,0,0,0,0,832
2024/2/28,16:30:00,835,0,143,523,68,0,1,0,51,44,0,5,2,0,0,0,0,835
2024/2/28,17:00:00,827,0,155,514,77,0,1,0,51,21,0,8,0,0,0,0,0,827
2024/2/28,17:30:00,843,0,155,538,77,0,1,0,51,12,0,9,0,0,0,0,0,843
2024/2/28,18:00:00,869,0,156,564,85,0,1,0,51,4,0,8,0,0,0,0,0,869
2024/2/28,18:30:00,882,0,153,584,85,0,1,0,51,0,0,8,0,0,0,0,0,882
2024/2/28,19:00:00,882,0,153,581,88,0,1,0,51,0,0,8,0,0,0,0,0,882
2024/2/28,19:30:00,878,0,155,575,88,0,1,0,51,0,0,8,0,0,0,0,0,878
2024/2/28,20:00:00,861,0,153,563,85,0,1,0,51,0,0,8,0,0,0,0,0,861
2024/2/28,20:30:00,846,0,152,549,85,0,1,0,51,0,0,8,0,0,0,0,0,846
2024/2/28,21:00:00,823,0,148,533,82,0,1,0,51,0,0,8,0,0,0,0,0,823
2024/2/28,21:30:00,801,0,151,507,82,0,1,0,51,0,0,9,0,0,0,0,0,801
2024/2/28,22:00:00,763,0,152,474,76,0,1,0,51,0,0,9,0,0,0,0,0,763
2024/2/28,22:30:00,736,0,153,446,76,0,1,0,51,0,0,9,0,0,0,0,0,736
2024/2/28,23:00:00,712,0,150,431,71,0,1,0,51,0,0,8,0,0,0,0,0,712
2024/2/28,23:30:00,697,0,149,418,71,0,1,0,51,0,0,7,0,0,0,0,0,697
2024/2/29,0:00:00,669,0,144,400,66,0,1,0,51,0,0,7,0,0,0,0,0,669
2024/2/29,0:30:00,649,0,144,381,66,0,1,0,51,0,0,6,0,0,0,0,0,649
2024/2/29,1:00:00,634,0,144,369,63,0,1,0,51,0,0,6,0,0,0,0,0,634
2024/2/29,1:30:00,634,0,143,369,63,0,1,0,51,0,0,7,0,0,0,0,0,634
2024/2/29,2:00:00,638,0,145,375,62,0,1,0,51,0,0,4,0,0,0,0,0,638
2024/2/29,2:30:00,655,0,143,395,62,0,1,0,51,0,0,3,0,0,0,0,0,655
2024/2/29,3:00:00,674,0,142,415,63,0,1,0,51,0,0,2,0,0,0,0,0,674
2024/2/29,3:30:00,684,0,145,422,63,0,1,0,51,0,0,2,0,0,0,0,0,684
2024/2/29,4:00:00,689,0,143,428,65,0,1,0,51,0,0,1,0,0,0,0,0,689
2024/2/29,4:30:00,691,0,145,428,65,0,1,0,51,0,0,1,0,0,0,0,0,691
2024/2/29,5:00:00,693,0,146,427,67,0,1,0,51,0,0,1,0,0,0,0,0,693
2024/2/29,5:30:00,682,0,143,419,67,0,1,0,51,0,0,1,0,0,0,0,0,682
2024/2/29,6:00:00,700,0,144,433,70,0,1,0,51,0,0,1,0,0,0,0,0,700
2024/2/29,6:30:00,724,0,157,444,70,0,1,0,51,0,0,1,0,0,0,0,0,724
2024/2/29,7:00:00,753,0,182,440,75,0,1,0,51,3,0,1,0,0,0,0,0,753
2024/2/29,7:30:00,764,0,179,440,75,0,1,0,51,17,0,1,0,0,0,0,0,764
2024/2/29,8:00:00,821,0,196,435,78,0,1,0,51,59,0,1,0,0,0,0,0,821
2024/2/29,8:30:00,864,0,191,458,78,0,1,0,44,91,0,1,0,0,0,0,0,864
2024/2/29,9:00:00,851,0,195,457,76,0,1,0,38,83,3,1,1,0,0,0,0,851
2024/2/29,9:30:00,863,0,205,457,76,0,1,0,31,92,4,1,1,0,0,0,0,863
2024/2/29,10:00:00,879,0,190,457,75,0,1,0,28,127,5,1,1,0,0,0,0,879
2024/2/29,10:30:00,890,0,195,443,75,0,1,0,28,147,6,1,1,0,0,0,0,890
2024/2/29,11:00:00,912,0,174,447,79,0,1,0,28,182,8,1,1,0,0,0,0,912
2024/2/29,11:30:00,925,0,168,441,79,0,1,0,28,207,9,1,1,0,0,0,0,925
2024/2/29,12:00:00,882,0,158,435,75,0,1,0,28,184,8,1,1,0,0,0,0,882
2024/2/29,12:30:00,845,0,148,437,75,0,1,0,31,152,7,1,1,0,0,0,0,845
2024/2/29,13:00:00,906,0,175,454,69,0,1,0,39,167,7,1,1,0,0,0,0,906
2024/2/29,13:30:00,883,0,156,467,69,0,1,0,45,144,6,1,1,0,0,0,0,883
2024/2/29,14:00:00,893,0,165,466,68,0,1,0,51,141,6,1,1,0,0,0,0,893
2024/2/29,14:30:00,890,0,150,491,68,0,1,0,51,128,5,1,1,0,0,0,0,890
2024/2/29,15:00:00,913,0,151,487,73,0,1,0,51,149,6,1,1,0,0,0,0,913
2024/2/29,15:30:00,888,0,159,496,73,0,1,0,51,107,4,1,1,0,0,0,0,888
2024/2/29,16:00:00,880,0,149,526,77,0,1,0,51,75,3,1,1,0,0,0,0,880
2024/2/29,16:30:00,886,0,142,549,77,0,1,0,51,65,3,1,1,0,0,0,0,886
2024/2/29,17:00:00,884,0,145,552,84,0,1,0,51,49,0,2,0,0,0,0,0,884
2024/2/29,17:30:00,877,0,143,566,90,0,1,0,51,24,0,2,0,0,0,0,0,877
2024/2/29,18:00:00,888,0,148,581,96,0,1,0,51,8,0,3,0,0,0,0,0,888
2024/2/29,18:30:00,914,0,174,586,98,0,1,0,51,0,0,4,0,0,0,0,0,914
2024/2/29,19:00:00,911,0,175,582,98,0,1,0,51,0,0,4,0,0,0,0,0,911
2024/2/29,19:30:00,906,0,166,586,98,0,1,0,51,0,0,4,0,0,0,0,0,906
2024/2/29,20:00:00,889,0,160,576,97,0,1,0,51,0,0,4,0,0,0,0,0,889
2024/2/29,20:30:00,871,0,200,520,95,0,1,0,51,0,0,4,0,0,0,0,0,871
2024/2/29,21:00:00,843,0,179,519,89,0,1,0,51,0,0,4,0,0,0,0,0,843
2024/2/29,21:30:00,821,0,174,501,91,0,1,0,51,0,0,3,0,0,0,0,0,821
2024/2/29,22:00:00,783,0,147,498,82,0,1,0,51,0,0,4,0,0,0,0,0,783
2024/2/29,22:30:00,754,0,143,473,82,0,1,0,51,0,0,4,0,0,0,0,0,754
2024/2/29,23:00:00,722,0,143,447,77,0,1,0,51,0,0,3,0,0,0,0,0,722
2024/2/29,23:30:00,701,0,148,422,75,0,1,0,51,0,0,4,0,0,0,0,0,701
